user_id,min(time_stamp)
218545449,2014-11-21
218565183,2014-10-14
218567207,2014-10-17
218581881,2013-12-10
218583905,2014-10-15
218584411,2013-10-18
218586435,2014-12-12
218590483,2014-12-09
218590989,2013-12-30
218600097,2014-10-28
218610723,2014-10-10
218641083,2013-11-18
218646649,2013-12-03
218649179,2013-10-25
218661829,2014-12-30
218670937,2013-11-04
218673973,2014-12-03
218674479,2014-10-14
218676503,2014-11-12
218681057,2013-10-11
218751391,2013-10-22
218758475,2014-11-26
218762523,2014-10-01
218764041,2013-12-04
218769607,2014-10-22
218770113,2014-12-12
218773149,2014-11-18
218786305,2014-10-24
218786811,2013-10-03
218817677,2013-11-06
218831339,2013-10-08
218831845,2013-11-01
218832857,2014-10-09
218833363,2013-12-13
218835387,2014-12-08
218837917,2013-11-15
218848543,2013-10-18
218862205,2013-10-21
218867771,2013-12-04
218873337,2014-12-13
218874349,2013-11-12
218882445,2013-10-09
218891047,2014-10-02
218892059,2014-11-24
218892565,2013-10-21
218896107,2013-10-28
218905215,2013-11-26
218913817,2014-10-28
218918371,2014-10-23
218925961,2013-12-11
218949237,2013-10-30
218949743,2013-11-06
218950755,2013-11-13
218952273,2013-11-14
218953285,2013-10-14
218960875,2014-10-06
218964923,2013-10-04
218973019,2013-10-09
218975549,2013-10-01
218990223,2013-11-01
218996801,2013-11-25
219002873,2013-11-29
219012993,2013-11-18
219016029,2014-10-20
219019571,2013-10-09
219026149,2014-12-04
219032221,2013-12-20
219032727,2013-11-04
219035257,2014-10-02
219036269,2013-10-11
219055497,2014-10-07
219059545,2013-11-05
219066629,2013-10-25
219070677,2013-10-11
219071183,2013-11-14
219072195,2013-12-02
219076749,2013-11-01
219079279,2013-10-09
219088387,2013-11-08
219091929,2013-12-30
219100531,2013-10-28
219101037,2014-10-17
219105085,2013-11-25
219106603,2013-10-25
219107615,2013-11-19
219108121,2013-10-23
219122289,2013-11-13
219126843,2014-10-30
219141011,2014-11-21
219148601,2014-10-22
219164287,2013-12-03
219177443,2014-10-22
219178961,2014-10-23
219186551,2014-10-07
219191611,2013-11-11
219192117,2014-10-01
219202237,2013-11-25
219207803,2014-10-06
219211345,2013-11-11
219247271,2014-11-18
219250307,2013-11-14
219258909,2014-12-16
219259415,2013-10-22
219266499,2014-10-14
219279655,2013-11-12
219283703,2013-10-04
219284715,2013-10-01
219296353,2013-12-30
219299895,2014-10-23
219300401,2014-11-21
219305967,2013-10-23
219310015,2013-10-24
219311533,2013-11-15
219315075,2013-12-19
219326713,2013-10-22
219327219,2013-11-08
219332279,2013-10-18
219342399,2013-12-06
219343411,2014-10-14
219348471,2014-11-12
219348977,2013-10-24
219356061,2013-10-29
219361121,2013-10-29
219367699,2013-12-06
219371241,2013-10-18
219378325,2013-12-16
219394517,2013-11-07
219396541,2014-10-06
219398059,2013-11-27
219398565,2013-10-03
219399577,2013-10-08
219405143,2014-10-28
219428925,2014-11-21
219438033,2013-12-20
219438539,2014-10-10
219439045,2013-11-15
219440563,2013-12-13
219448153,2014-10-03
219469911,2014-10-27
219472441,2013-10-22
219476995,2013-12-04
219480537,2013-10-24
219482055,2014-10-29
219494199,2014-11-12
219495211,2013-10-28
219501789,2013-10-18
219506849,2013-10-29
219507355,2013-10-28
219509885,2013-10-23
219516969,2014-11-14
219517475,2014-10-28
219523041,2013-11-13
219526077,2013-10-23
219527595,2014-10-30
219529113,2013-10-03
219540751,2014-12-08
219545305,2013-10-25
219556437,2013-11-19
219556943,2013-11-18
219559473,2013-12-03
219559979,2013-10-31
219561497,2014-11-28
219571617,2013-11-14
219581231,2014-11-16
219582243,2014-12-04
219590845,2013-10-25
219591351,2013-11-20
219594387,2013-11-28
219604001,2013-12-30
219604507,2013-10-25
219605013,2014-10-28
219605519,2013-11-20
219606531,2014-10-23
219627783,2013-11-08
219629807,2014-10-09
219632843,2013-11-19
219661179,2013-12-02
219662191,2013-10-01
219670287,2013-10-21
219671805,2014-11-14
219678889,2013-11-22
219682937,2014-10-21
219684455,2014-11-19
219686479,2014-12-01
219691033,2013-11-25
219712285,2014-12-12
219724935,2013-11-05
219744669,2013-11-19
219747705,2013-12-19
219751753,2014-10-15
219752259,2014-10-23
219779583,2014-10-10
219789197,2014-11-30
219793751,2013-10-02
219796281,2013-10-04
219796787,2013-12-16
219802353,2013-10-14
219817533,2014-12-18
219829171,2013-10-11
219842833,2013-11-26
219849411,2014-12-05
219851941,2013-11-14
219853965,2013-10-08
219869651,2014-10-24
219871675,2014-11-21
219872687,2013-10-09
219873193,2013-11-04
219874711,2014-11-18
219877747,2013-10-22
219882301,2013-12-03
219886349,2014-10-22
219896469,2013-10-01
219904059,2013-11-05
219906083,2014-10-16
219911143,2013-11-26
219915191,2013-11-26
219925311,2013-11-01
219933407,2013-12-16
219934419,2013-11-26
219943021,2014-10-13
219947069,2013-11-15
219953647,2013-10-18
219959213,2013-10-30
219973381,2013-12-03
219994633,2013-11-05
219997669,2013-10-31
220047763,2014-10-10
220054341,2013-10-30
220060919,2014-10-28
220061425,2013-11-18
220069521,2013-11-01
220091785,2013-11-05
220100893,2013-10-22
220101399,2013-12-04
220103423,2013-12-16
220103929,2013-12-09
220106459,2014-11-30
220106965,2014-11-27
220111013,2013-10-16
220115567,2013-10-29
220117591,2014-12-03
220120627,2013-11-27
220127205,2014-10-14
220143397,2013-10-25
220149469,2014-10-09
220151999,2014-11-06
220159083,2013-11-18
220167179,2014-10-22
220173757,2014-10-07
220182865,2013-12-03
220192985,2014-10-28
220195009,2014-12-01
220199057,2013-10-18
220201587,2014-11-24
220216261,2014-12-11
220219803,2013-11-28
220224357,2013-10-31
220229417,2013-12-17
220230429,2013-11-05
220232453,2014-11-01
220233465,2014-10-30
220234477,2013-12-03
220236501,2014-10-14
220237513,2013-12-30
220238019,2013-11-01
220243585,2013-10-11
220251681,2014-10-09
220252693,2013-12-24
220254717,2013-10-23
220260789,2013-11-25
220271921,2014-12-08
220274451,2013-11-22
220283053,2013-10-28
220285077,2013-12-02
220291655,2014-10-14
220294185,2013-12-16
220299751,2013-10-18
220301269,2013-11-27
220306329,2013-11-05
220306835,2013-11-04
220312401,2013-10-11
220328087,2014-10-09
220340737,2013-11-14
220343773,2013-10-28
220344785,2014-10-10
220348327,2014-10-21
220350351,2013-10-25
220351363,2014-12-29
220354399,2013-11-25
220367555,2014-11-06
220376663,2013-11-18
220381217,2013-10-24
220381723,2013-11-21
220383241,2014-10-28
220391337,2014-10-14
220394373,2013-11-18
220408035,2014-12-19
220408541,2013-10-25
220412589,2013-10-28
220413095,2013-11-12
220414107,2013-10-24
220418661,2014-10-01
220439407,2013-11-14
220456611,2013-10-25
220463189,2014-10-14
220463695,2013-10-17
220469767,2013-11-25
220477863,2013-11-26
220487477,2013-10-14
220488489,2014-10-02
220490513,2013-11-29
220498103,2013-12-11
220498609,2013-12-17
220499621,2013-12-19
220502657,2014-11-13
220503669,2014-11-14
220505187,2014-10-27
220510753,2014-10-20
220516825,2013-12-03
220519355,2013-12-06
220523909,2013-10-14
220527451,2013-11-21
220533017,2013-11-08
220534029,2013-12-13
220542631,2014-10-10
220547185,2013-11-15
220549209,2013-11-25
220556799,2014-10-22
220562365,2013-12-06
220562871,2013-10-22
220576533,2013-12-16
220579569,2014-10-10
220581087,2013-10-25
220582099,2013-12-11
220592219,2013-10-24
220610435,2014-12-13
220622073,2013-11-08
220635229,2013-11-22
220635735,2013-10-21
220638771,2013-10-09
220640289,2013-11-25
220647373,2013-12-06
220647879,2014-11-23
220648891,2013-12-03
220649903,2014-10-10
220655469,2013-11-14
220662553,2013-12-17
220670649,2013-11-06
220673179,2013-10-30
220684311,2014-10-15
220687853,2013-11-13
220696455,2014-10-28
220709105,2013-12-19
220714671,2013-11-01
220728333,2013-11-11
220738959,2013-10-22
220743513,2013-12-06
220749079,2013-12-16
220757681,2013-11-21
220797655,2013-12-17
220820425,2014-10-27
220823461,2013-10-18
220824979,2014-11-06
220826497,2013-11-20
220830545,2013-11-05
220831051,2013-11-25
220845725,2014-10-07
220848255,2013-12-03
220855845,2013-10-31
220859893,2013-10-22
220862423,2014-10-22
220868495,2014-10-28
220877097,2013-12-03
220882157,2014-11-14
220884181,2014-11-14
220900373,2013-10-21
220901385,2013-10-10
220903409,2014-10-29
220905939,2013-10-15
220910493,2013-11-18
220914035,2014-10-07
220916059,2013-10-03
220916565,2013-12-23
220921625,2013-12-23
220923143,2014-12-19
220931239,2013-11-13
220933769,2013-12-17
220943383,2013-12-30
220948949,2014-12-16
220972225,2013-11-26
220972731,2014-10-07
220973237,2014-12-03
220983357,2013-11-25
220991453,2013-12-12
220994489,2014-11-21
220997019,2014-12-09
221005621,2014-12-01
221016247,2013-10-04
221064317,2013-11-04
221067353,2013-11-28
221076461,2013-11-01
221082027,2013-10-03
221085063,2013-12-27
221085569,2013-12-06
221090123,2013-11-06
221109857,2013-11-26
221131109,2014-12-17
221132121,2014-11-11
221138699,2013-12-11
221142747,2013-10-18
221147301,2013-10-28
221149325,2013-12-09
221151855,2013-10-22
221152361,2014-12-18
221154385,2014-11-10
221156915,2014-11-18
221165011,2013-10-24
221172601,2013-10-30
221181709,2013-11-27
221182721,2014-12-19
221185251,2013-12-02
221187781,2013-10-17
221191323,2013-12-06
221194865,2013-12-16
221207009,2014-10-22
221209033,2013-11-08
221211057,2013-12-16
221213081,2013-12-17
221216623,2013-11-07
221222695,2014-10-06
221224719,2014-11-13
221227755,2013-11-08
221230791,2014-11-04
221234839,2013-10-01
221240405,2013-10-23
221247489,2013-12-09
221250019,2013-11-01
221253561,2014-10-07
221254573,2013-10-11
221262669,2014-10-23
221267729,2014-10-23
221271777,2013-10-09
221274307,2013-12-19
221277849,2013-12-16
221278861,2014-11-16
221279873,2013-10-29
221283415,2014-11-25
221286957,2014-10-10
221298595,2013-11-04
221300619,2013-10-29
221302137,2014-11-26
221307197,2014-11-01
221311751,2013-11-21
221321365,2013-12-05
221340087,2013-11-14
221342617,2013-11-28
221351725,2013-12-19
221355773,2013-10-29
221359315,2013-12-16
221361845,2013-11-25
221373483,2013-10-18
221376519,2014-10-10
221379049,2013-10-10
221380061,2013-11-01
221382085,2013-10-01
221384615,2014-12-20
221386133,2013-10-14
221389675,2013-11-21
221392711,2014-10-22
221394229,2013-12-04
221399795,2013-11-20
221403337,2013-10-07
221419023,2014-10-14
221421553,2013-11-26
221423071,2013-11-18
221426613,2013-12-17
221433697,2013-12-06
221434203,2014-12-08
221434709,2013-11-20
221445335,2013-12-11
221452419,2014-12-08
221456467,2013-11-13
221461021,2013-11-14
221465575,2014-12-17
221467599,2013-12-10
221476201,2013-11-26
221485815,2014-10-07
221490369,2014-10-10
221492899,2013-10-29
221494417,2013-10-25
221495935,2013-11-05
221496947,2013-11-19
221502007,2014-12-08
221504031,2013-11-12
221510103,2013-11-11
221510609,2014-10-23
221511621,2013-12-16
221515163,2013-11-06
221520223,2014-10-22
221525283,2013-12-10
221527813,2013-11-06
221528825,2014-10-24
221530849,2013-10-24
221531861,2013-10-01
221533379,2013-10-01
221534391,2014-12-01
221536415,2013-11-15
221538945,2013-10-18
221539957,2013-11-22
221544005,2013-10-29
221546029,2013-10-18
221546535,2014-11-21
221548053,2013-10-02
221548559,2013-12-06
221554631,2013-10-31
221556655,2013-12-17
221557161,2013-11-06
221559691,2014-10-30
221564751,2013-12-03
221565257,2013-11-14
221566269,2014-10-30
221576895,2013-11-18
221581449,2013-12-06
221582461,2013-11-20
221583979,2013-11-27
221584991,2013-10-18
221585497,2013-11-25
221587521,2013-10-07
221590051,2013-10-08
221592075,2013-11-01
221592581,2013-12-06
221593087,2013-11-01
221594605,2013-12-16
221595111,2013-12-23
221596629,2014-11-26
221599665,2013-11-01
221600677,2014-10-10
221605737,2014-12-07
221606243,2013-11-12
221613833,2013-11-01
221615351,2013-11-12
221619905,2013-11-21
221622435,2013-10-14
221630025,2014-11-04
221634579,2013-10-25
221635085,2014-11-04
221640145,2014-10-09
221646723,2013-10-04
221649759,2013-11-26
221651783,2013-11-08
221654819,2013-10-07
221656337,2013-10-11
221657855,2013-10-16
221658361,2013-10-07
221662915,2014-11-17
221665445,2014-10-28
221681131,2013-11-05
221682649,2013-10-10
221683661,2014-11-10
221685179,2013-12-31
221687709,2013-10-22
221689227,2013-10-15
221690745,2013-12-10
221691757,2013-10-11
221693275,2013-11-14
221694793,2014-12-25
221696817,2013-12-24
221697323,2014-10-14
221705419,2013-11-14
221708455,2014-11-04
221709467,2013-12-04
221711491,2013-10-30
221717563,2013-12-12
221720093,2013-11-08
221730719,2013-11-29
221738815,2013-11-11
221739827,2013-12-16
221751465,2013-11-11
221755007,2013-10-18
221759561,2013-11-22
221769175,2014-11-04
221771199,2013-10-04
221778789,2013-11-25
221783849,2013-11-29
221786885,2014-11-14
221787391,2013-11-25
221799029,2013-12-19
221802065,2013-10-08
221802571,2013-10-22
221804089,2014-12-10
221805607,2013-12-17
221814209,2013-12-09
221816233,2013-12-03
221819775,2013-11-14
221820787,2013-11-14
221830401,2013-10-25
221830907,2013-10-01
221837485,2013-10-03
221850641,2013-12-18
221859749,2014-10-30
221862785,2014-10-28
221871387,2013-12-03
221872399,2013-11-06
221878471,2013-10-15
221881507,2013-10-16
221886567,2013-12-06
221887073,2013-11-14
221888085,2013-11-25
221890109,2014-10-09
221898205,2013-10-23
221906301,2013-12-18
221910855,2014-10-30
221912879,2013-12-09
221919457,2014-11-04
221923505,2013-11-07
221925023,2013-12-18
221926035,2013-10-22
221927553,2013-10-30
221929071,2013-11-19
221932613,2013-11-18
221934131,2013-10-31
221937167,2013-12-13
221939697,2013-11-18
221946781,2013-11-19
221947287,2014-11-14
221948805,2013-11-06
221949311,2013-11-14
221952853,2013-10-11
221955383,2014-10-20
221956901,2013-10-04
221959937,2013-12-20
221961455,2013-10-03
221966515,2013-11-11
221972587,2013-11-08
221977141,2013-12-04
221978659,2014-12-02
221983719,2013-10-25
221985743,2014-11-20
221986755,2013-10-25
221991309,2014-10-24
221999405,2013-10-15
222013573,2013-12-30
222015091,2013-10-30
222015597,2013-11-19
222019139,2013-10-29
222022681,2013-11-21
222024705,2013-12-10
222033307,2013-11-05
222034319,2013-11-22
222039379,2013-10-18
222045957,2013-12-10
222048487,2013-11-19
222050005,2014-11-21
222052029,2014-10-07
222056583,2014-10-10
222062149,2014-10-23
222064679,2013-10-17
222066197,2013-12-03
222077835,2013-11-14
222078341,2013-12-26
222080365,2013-11-18
222084413,2013-11-06
222085931,2013-12-17
222089473,2013-10-15
222091497,2013-10-28
222101111,2013-11-25
222110725,2013-12-19
222117303,2014-12-09
222119833,2014-11-21
222120845,2013-10-09
222121857,2013-12-06
222123375,2013-11-01
222126411,2013-11-26
222128435,2014-10-10
222128941,2013-12-19
222131471,2013-10-18
222135519,2014-10-22
222138555,2013-10-15
222140073,2014-10-01
222142603,2013-10-15
222143615,2013-11-08
222148169,2014-10-21
222149181,2013-10-04
222153229,2013-11-14
222155759,2013-11-11
222156265,2013-10-09
222157277,2014-10-29
222158289,2013-11-11
222158795,2013-12-05
222159301,2014-10-10
222170433,2013-11-12
222171951,2014-12-18
222172457,2013-10-14
222179035,2013-10-15
222180047,2013-10-16
222182577,2013-10-15
222184601,2014-12-03
222188649,2013-11-26
222189155,2013-10-11
222191179,2013-10-10
222194215,2013-10-17
222195733,2014-10-27
222205347,2013-11-27
222205853,2014-10-07
222209901,2013-10-07
222215467,2013-11-26
222219515,2014-10-28
222223057,2013-12-26
222223563,2014-10-07
222226093,2013-11-06
222229129,2014-10-29
222231659,2014-10-10
222233177,2014-10-06
222236213,2013-11-29
222237225,2013-11-18
222241779,2014-10-10
222243803,2013-11-19
222244309,2013-10-28
222247851,2014-10-20
222259995,2013-10-31
222261513,2014-10-28
222262525,2013-12-23
222267585,2013-11-12
222268091,2013-12-09
222274669,2013-10-15
222277705,2013-10-11
222280235,2013-12-13
222282765,2013-10-22
222283271,2013-11-04
222284789,2013-12-24
222286813,2013-10-10
222288331,2013-11-26
222289849,2013-10-28
222297439,2013-11-07
222300981,2013-10-22
222303005,2013-10-22
222306041,2013-10-10
222306547,2013-11-12
222307053,2013-11-25
222314137,2014-12-08
222315655,2013-10-25
222317679,2013-12-03
222320715,2013-10-02
222322739,2014-10-28
222334377,2013-10-18
222338425,2013-10-29
222343485,2014-11-04
222347027,2013-12-17
222353099,2013-10-31
222357147,2013-12-13
222360689,2014-10-20
222368279,2013-11-25
222373845,2013-11-06
222379411,2013-10-07
222380929,2014-10-30
222384471,2013-10-23
222385483,2013-10-02
222386495,2013-12-05
222389531,2014-12-09
222393073,2013-10-22
222409265,2013-10-04
222417361,2014-10-20
222417867,2013-11-14
222421915,2013-10-15
222423939,2013-12-06
222424445,2014-11-14
222428493,2013-11-26
222428999,2013-12-03
222430011,2013-10-10
222435577,2013-11-14
222436589,2013-10-04
222442155,2013-11-05
222442661,2013-12-06
222449745,2013-11-19
222452781,2013-12-05
222456323,2013-10-03
222463913,2013-12-12
222468973,2013-11-14
222471503,2014-12-13
222474033,2013-11-18
222477069,2013-11-05
222478081,2013-10-25
222478587,2013-11-07
222480611,2013-10-04
222485165,2014-10-09
222487189,2013-12-17
222495285,2014-11-04
222495791,2014-11-04
222500345,2013-10-08
222503887,2013-10-21
222509453,2014-11-04
222512489,2014-10-27
222514513,2013-10-21
222516031,2013-10-10
222517549,2014-11-19
222523621,2013-11-06
222525139,2014-10-06
222528681,2014-10-28
222533235,2014-12-01
222542343,2013-10-31
222542849,2013-10-14
222543861,2013-11-13
222564607,2013-12-20
222566631,2013-12-12
222567137,2013-10-18
222575233,2013-12-03
222575739,2013-11-11
222580293,2014-10-10
222580799,2013-10-28
222584847,2013-10-03
222586365,2013-11-05
222587883,2013-10-17
222591931,2014-11-28
222593955,2013-10-14
222594461,2014-11-21
222595979,2013-10-18
222599015,2013-10-22
222605593,2014-10-27
222606605,2014-10-23
222607111,2013-10-17
222607617,2013-10-25
222613689,2013-10-04
222615207,2013-10-21
222617231,2013-10-01
222618749,2013-10-04
222622291,2013-10-11
222625833,2014-12-19
222626845,2013-10-09
222627351,2013-11-06
222628869,2013-10-09
222631905,2013-10-07
222632411,2014-10-06
222634941,2013-12-04
222635447,2013-10-01
222635953,2013-11-12
222636965,2013-10-21
222637977,2013-10-01
222638483,2013-10-08
222642531,2013-11-20
222674409,2013-11-12
222685035,2013-10-07
222687059,2013-10-09
222688071,2013-12-04
222690601,2013-10-23
222691107,2013-11-26
222692625,2013-10-03
222694649,2013-10-07
222695155,2013-10-14
222696167,2014-11-06
222697179,2013-12-13
222699709,2013-10-16
222703757,2013-10-01
222705781,2013-10-08
222707805,2013-10-25
222711853,2013-10-04
222712865,2013-10-07
222714383,2013-10-21
222714889,2013-10-03
222715395,2013-10-14
222715901,2013-11-12
222716407,2013-10-15
222717925,2013-10-01
222718431,2013-10-09
222720455,2013-10-09
222720961,2013-12-12
222721467,2013-10-29
222722985,2013-10-24
222724503,2013-10-08
222725009,2013-10-22
222727033,2013-10-10
222729057,2013-10-17
222729563,2013-10-11
222732093,2013-10-23
222734623,2013-11-20
222735129,2013-10-08
222735635,2013-10-09
222736141,2013-10-17
222736647,2013-10-21
222737153,2013-11-07
222739683,2013-10-21
222740189,2013-10-21
222740695,2013-10-11
222741201,2013-10-18
222742213,2013-10-18
222743731,2013-11-14
222744237,2013-10-18
222744743,2013-10-23
222745249,2013-10-01
222746261,2013-10-21
222746767,2013-10-21
222747779,2013-10-18
222749803,2013-10-14
222750815,2013-10-21
222751321,2013-10-04
222752333,2013-10-25
222754863,2013-10-10
222755875,2013-10-14
222758405,2013-10-21
222758911,2013-10-15
222759923,2013-10-21
222760935,2013-10-23
222761441,2013-10-28
222761947,2013-10-25
222762453,2013-10-21
222762959,2013-10-18
222763465,2013-10-22
222763971,2013-12-06
222764477,2013-10-01
222764983,2013-10-09
222765489,2013-10-07
222765995,2013-11-28
222768019,2013-10-18
222769031,2013-10-21
222769537,2013-10-14
222770043,2013-10-18
222770549,2013-10-28
222771055,2013-10-11
222772067,2013-10-07
222773585,2013-10-09
222774091,2013-10-14
222774597,2013-10-08
222775103,2014-10-22
222775609,2013-10-23
222776621,2013-10-28
222777127,2013-10-10
222777633,2013-10-14
222778139,2013-10-07
222778645,2013-10-09
222779657,2013-10-09
222780669,2013-10-22
222781175,2013-10-03
222781681,2013-10-18
222782187,2013-11-22
222782693,2013-10-14
222783199,2013-10-07
222784211,2013-10-10
222784717,2013-10-10
222785223,2013-10-03
222787247,2013-10-11
222787753,2013-10-08
222788259,2013-10-18
222788765,2013-10-24
222790283,2013-10-09
222790789,2013-10-23
222791801,2013-12-03
222792813,2013-10-11
222793319,2013-10-25
222798379,2013-10-22
222800403,2013-10-21
222800909,2014-11-04
222801415,2013-10-30
222801921,2013-10-17
222802933,2013-10-04
222804957,2013-10-28
222805463,2013-10-29
222805969,2013-10-09
222806475,2013-12-13
222806981,2013-10-09
222807487,2013-10-28
222809511,2013-10-11
222810017,2013-10-18
222811029,2013-10-18
222812041,2013-10-21
222812547,2013-10-16
222815077,2013-11-01
222816089,2013-11-04
222819125,2013-10-09
222819631,2013-11-26
222821149,2013-10-03
222821655,2013-10-11
222822667,2013-10-11
222823173,2013-10-23
222824185,2013-10-18
222824691,2013-10-11
222825703,2013-10-22
222826209,2013-11-01
222826715,2013-10-07
222827221,2013-11-07
222827727,2013-10-21
222828233,2014-10-14
222828739,2013-10-24
222829245,2014-10-22
222830257,2013-11-07
222830763,2013-11-05
222831775,2013-10-21
222832787,2013-10-11
222833293,2013-10-09
222834305,2013-10-31
222834811,2013-10-11
222836329,2013-10-17
222839365,2013-11-01
222839871,2013-10-31
222840377,2013-10-04
222841895,2013-10-28
222842907,2013-10-30
222844931,2013-12-06
222845437,2013-10-02
222845943,2013-10-22
222846449,2013-11-12
222847461,2013-10-10
222848473,2013-10-02
222848979,2013-10-15
222849485,2013-11-01
222849991,2014-10-19
222851003,2013-10-18
222851509,2013-10-11
222853027,2013-10-04
222853533,2013-10-17
222855051,2013-10-04
222856063,2013-11-12
222856569,2013-10-29
222857581,2013-10-11
222858593,2013-10-04
222859099,2013-10-11
222859605,2013-10-10
222860617,2013-10-04
222861123,2013-10-10
222861629,2013-10-24
222862135,2013-12-06
222863147,2013-10-31
222864159,2013-10-04
222865677,2013-10-17
222866183,2013-10-15
222866689,2013-11-04
222867195,2013-12-04
222868207,2013-10-25
222868713,2013-11-01
222869725,2013-10-24
222872255,2013-10-17
222872761,2013-10-31
222873267,2013-10-22
222873773,2013-10-03
222874279,2013-10-18
222874785,2013-11-01
222875291,2013-10-25
222875797,2013-10-16
222876303,2013-10-18
222876809,2013-10-17
222877821,2013-10-28
222878833,2013-10-18
222879339,2013-12-06
222879845,2013-10-04
222880351,2013-10-23
222880857,2013-10-11
222881869,2013-10-14
222882375,2013-10-14
222883893,2013-10-11
222884905,2013-10-24
222885411,2013-11-01
222886423,2013-11-07
222886929,2013-10-10
222887435,2013-10-28
222888447,2013-11-06
222888953,2013-10-09
222889965,2013-10-01
222890471,2013-10-08
222890977,2013-11-07
222891989,2013-10-24
222892495,2013-11-19
222893001,2013-11-13
222893507,2013-11-04
222894013,2013-11-14
222894519,2013-10-15
222895025,2013-10-22
222896037,2013-11-04
222897049,2013-10-18
222897555,2013-11-12
222899073,2013-10-03
222899579,2013-11-19
222901603,2013-11-25
222902109,2013-11-18
222904133,2013-10-24
222904639,2013-10-14
222905145,2013-10-02
222905651,2013-11-04
222906157,2013-11-04
222907169,2013-10-24
222907675,2013-10-15
222908181,2013-10-11
222908687,2013-10-22
222910205,2013-10-15
222910711,2013-11-14
222911217,2013-10-14
222911723,2013-11-19
222912229,2013-10-21
222912735,2013-10-09
222913241,2013-10-18
222914253,2013-10-24
222914759,2013-10-01
222915265,2013-10-23
222915771,2013-11-06
222916277,2013-10-22
222917289,2013-10-08
222917795,2013-10-30
222918301,2013-11-01
222918807,2013-10-11
222919313,2013-11-04
222919819,2013-10-09
222920325,2013-10-30
222920831,2013-10-18
222921337,2013-10-24
222921843,2013-10-02
222922349,2013-10-22
222923361,2013-10-31
222924373,2013-11-08
222925891,2013-10-03
222926903,2013-10-04
222927409,2013-10-09
222927915,2013-10-10
222928421,2013-11-01
222928927,2013-10-07
222929433,2013-11-13
222929939,2013-10-31
222930445,2013-10-23
222932469,2013-10-23
222933481,2013-10-31
222934493,2013-11-08
222935505,2013-10-08
222936011,2013-11-14
222936517,2013-10-25
222937023,2013-10-22
222937529,2013-10-15
222938541,2013-11-15
222939553,2013-11-12
222940059,2013-11-19
222940565,2013-11-19
222941577,2013-10-30
222942589,2013-10-22
222943095,2013-10-29
222944107,2013-10-31
222944613,2013-10-04
222945119,2013-10-24
222945625,2013-10-11
222946637,2013-12-06
222947143,2013-10-02
222947649,2013-11-11
222948661,2013-10-21
222949673,2014-10-06
222950179,2013-11-04
222950685,2013-11-20
222951191,2013-10-11
222952203,2013-12-03
222952709,2013-11-14
222953721,2013-11-08
222954733,2013-11-08
222955239,2013-12-12
222955745,2013-11-27
222956251,2013-10-25
222956757,2014-10-28
222957769,2013-10-31
222958781,2013-11-27
222959287,2013-10-18
222960299,2013-10-24
222960805,2013-10-29
222961817,2013-11-08
222962323,2013-10-28
222963335,2013-11-19
222963841,2013-11-25
222964853,2013-10-21
222965865,2013-12-04
222966877,2013-11-01
222967383,2013-11-08
222968395,2013-10-16
222968901,2013-10-21
222969407,2013-11-14
222970419,2013-10-29
222970925,2013-11-25
222971431,2013-10-18
222972443,2013-10-15
222972949,2013-12-19
222973455,2013-10-14
222973961,2013-11-04
222974467,2013-11-04
222974973,2013-11-08
222975479,2013-11-12
222975985,2013-11-18
222976491,2013-10-02
222976997,2013-11-01
222978009,2013-10-15
222978515,2013-11-07
222979021,2013-10-14
222980539,2013-11-11
222981551,2013-11-15
222983069,2013-11-18
222983575,2013-10-21
222984081,2013-12-02
222984587,2013-10-11
222985093,2013-10-31
222985599,2013-10-22
222986611,2013-10-04
222987623,2013-11-29
222988129,2013-10-17
222988635,2013-12-03
222989141,2013-10-07
222989647,2013-11-11
222990153,2014-10-14
222991165,2013-10-23
222991671,2013-10-31
222992177,2013-11-11
222992683,2013-11-11
222993695,2013-10-15
222994201,2013-10-21
222994707,2013-10-29
222995213,2013-11-19
222995719,2013-10-01
222996225,2013-11-04
222996731,2013-10-14
222997237,2013-11-14
222997743,2013-11-15
222998249,2013-10-30
222998755,2013-12-03
222999261,2013-11-26
222999767,2013-12-02
223000273,2013-11-20
223000779,2013-11-22
223001285,2013-10-21
223001791,2013-11-15
223002297,2013-10-11
223004321,2013-10-14
223005333,2013-12-02
223006345,2013-12-03
223007357,2013-10-30
223007863,2013-10-21
223008369,2013-11-06
223008875,2013-10-18
223009381,2013-11-12
223010393,2013-10-22
223011405,2013-11-18
223011911,2013-10-03
223012417,2013-10-07
223012923,2013-11-14
223013429,2013-10-07
223014441,2013-10-30
223015453,2013-11-25
223016465,2013-11-13
223016971,2013-11-08
223017477,2013-10-22
223017983,2013-12-03
223018489,2013-12-02
223019501,2013-11-26
223020007,2013-11-01
223020513,2013-11-06
223022031,2013-11-14
223022537,2014-10-14
223023043,2013-10-07
223023549,2013-11-18
223024055,2013-11-14
223024561,2013-10-04
223025067,2013-11-01
223025573,2013-10-16
223026585,2013-11-20
223027091,2013-11-19
223027597,2013-11-19
223028103,2013-11-06
223028609,2013-11-18
223029115,2013-10-22
223029621,2013-10-07
223030127,2013-12-02
223031139,2013-11-19
223032151,2013-11-15
223032657,2013-12-04
223033163,2013-11-15
223034175,2013-11-14
223035693,2013-11-06
223036705,2013-10-30
223037717,2013-11-08
223038223,2013-10-04
223039235,2013-11-19
223039741,2013-11-08
223040753,2013-11-12
223041259,2013-11-18
223042271,2013-12-03
223043283,2013-11-15
223044295,2013-11-13
223044801,2013-10-22
223045813,2013-10-11
223048343,2013-11-27
223048849,2013-11-14
223049355,2013-10-25
223049861,2014-12-31
223050367,2013-10-17
223050873,2013-10-18
223051379,2013-11-01
223052391,2013-10-29
223052897,2013-12-05
223053403,2013-10-31
223054415,2013-10-18
223054921,2013-12-02
223055933,2013-11-28
223056439,2013-10-21
223057451,2014-11-25
223057957,2013-10-16
223058463,2013-10-23
223058969,2013-12-03
223059981,2013-10-11
223060487,2013-11-11
223062005,2013-11-18
223062511,2013-11-14
223063017,2013-11-18
223063523,2013-10-10
223064535,2013-10-22
223065041,2013-11-19
223065547,2013-11-29
223066559,2013-10-31
223067065,2013-12-09
223067571,2013-10-22
223068077,2013-11-14
223068583,2013-12-05
223069089,2013-12-16
223069595,2013-11-07
223070101,2013-11-25
223071113,2013-10-07
223071619,2013-12-03
223072125,2013-10-11
223072631,2013-11-22
223073643,2013-11-11
223074149,2013-10-17
223074655,2013-12-06
223075161,2013-10-03
223075667,2013-12-12
223076173,2013-11-25
223077691,2013-11-12
223078197,2013-10-28
223078703,2013-12-09
223079209,2013-11-19
223079715,2013-12-04
223080727,2013-12-04
223081233,2013-11-14
223081739,2013-11-01
223082245,2013-10-16
223082751,2013-11-07
223083257,2014-10-23
223083763,2013-10-15
223084269,2013-11-26
223084775,2013-11-29
223085281,2013-11-05
223085787,2013-12-10
223086293,2013-11-29
223086799,2013-12-06
223087305,2013-11-11
223088317,2013-11-07
223088823,2013-11-13
223089329,2013-11-25
223089835,2013-12-02
223090847,2013-12-12
223091859,2013-10-15
223092871,2013-11-12
223093883,2013-12-04
223094895,2013-10-16
223095401,2013-11-14
223096413,2013-10-04
223096919,2013-12-09
223097425,2013-10-25
223097931,2013-11-12
223098943,2013-11-04
223099449,2013-10-18
223099955,2013-12-06
223100461,2013-11-04
223100967,2013-10-30
223101473,2013-10-28
223101979,2013-10-24
223102991,2013-11-28
223103497,2013-10-18
223104003,2013-11-29
223104509,2013-10-24
223105015,2013-10-04
223105521,2013-12-13
223107039,2013-11-01
223108051,2013-12-04
223109063,2013-10-30
223110581,2013-10-28
223111087,2013-11-14
223111593,2013-11-05
223113617,2013-10-22
223114123,2013-10-18
223114629,2013-10-17
223115641,2013-12-13
223116147,2013-12-05
223117665,2013-10-24
223118171,2013-11-06
223119183,2013-11-04
223119689,2013-11-12
223120701,2013-10-09
223121207,2013-11-18
223121713,2013-11-08
223122219,2013-12-11
223123231,2013-10-09
223123737,2013-10-25
223124749,2013-11-18
223125255,2013-12-16
223125761,2013-12-03
223126267,2013-11-18
223126773,2013-10-17
223127279,2013-11-19
223128291,2013-11-06
223129303,2013-11-27
223130315,2013-11-04
223130821,2013-10-14
223131327,2013-11-11
223131833,2013-12-06
223132339,2013-12-13
223132845,2013-12-06
223133351,2013-12-16
223133857,2013-12-05
223134363,2013-12-10
223134869,2013-10-18
223135375,2013-10-24
223135881,2013-10-24
223136893,2013-12-04
223137905,2013-10-21
223138917,2013-11-18
223140435,2013-11-21
223140941,2013-12-06
223141447,2013-12-06
223141953,2013-12-06
223142459,2013-12-05
223142965,2013-11-22
223143471,2013-10-03
223143977,2013-11-11
223144483,2013-10-15
223145495,2013-12-09
223147013,2014-10-30
223147519,2013-11-13
223148025,2013-10-21
223148531,2013-11-19
223149037,2013-12-06
223150555,2013-10-09
223151061,2013-10-08
223151567,2013-10-08
223152073,2013-11-27
223152579,2013-11-18
223153591,2013-10-08
223155109,2013-12-06
223155615,2013-11-19
223156121,2013-10-17
223156627,2013-11-19
223157639,2013-11-21
223158145,2013-10-23
223158651,2013-11-12
223159157,2013-12-16
223159663,2013-11-19
223160169,2013-12-09
223161181,2013-12-03
223161687,2013-12-10
223162193,2013-10-18
223162699,2013-11-01
223163205,2013-12-05
223163711,2013-11-08
223164723,2013-11-13
223165229,2013-12-18
223165735,2013-11-04
223166241,2013-10-16
223166747,2013-12-05
223167253,2013-11-13
223167759,2013-11-06
223168265,2013-12-05
223168771,2013-11-08
223169277,2013-10-14
223169783,2013-12-13
223170289,2013-10-29
223170795,2013-12-03
223171301,2013-11-07
223171807,2013-10-24
223172313,2013-11-01
223174337,2013-11-18
223175855,2013-12-04
223176867,2013-11-20
223177373,2013-11-01
223177879,2013-10-21
223178385,2013-10-22
223179397,2013-11-12
223179903,2013-10-11
223180409,2013-12-11
223180915,2013-12-06
223181421,2013-10-22
223182433,2013-11-25
223182939,2014-12-28
223183445,2013-12-11
223183951,2013-11-07
223184457,2013-11-04
223184963,2013-10-22
223185975,2013-11-19
223186481,2013-11-28
223187493,2013-11-08
223188505,2013-12-04
223189517,2013-11-26
223191035,2013-11-01
223191541,2013-12-18
223192047,2013-11-12
223193059,2013-11-11
223193565,2013-11-11
223194577,2013-12-04
223195083,2013-11-04
223195589,2013-12-09
223196095,2013-10-30
223196601,2013-12-16
223197107,2013-12-20
223197613,2013-11-01
223198119,2013-10-16
223198625,2013-12-03
223199131,2013-11-18
223199637,2013-12-17
223200143,2013-12-16
223201155,2013-12-13
223201661,2013-12-12
223202673,2013-12-18
223203685,2013-10-11
223204191,2013-11-25
223204697,2013-11-11
223205203,2013-10-31
223207227,2013-12-17
223207733,2013-10-30
223208239,2013-11-20
223208745,2013-11-08
223209251,2013-12-06
223209757,2013-12-06
223210263,2013-10-01
223210769,2013-12-17
223211275,2013-12-02
223211781,2013-10-21
223212793,2013-11-18
223213299,2013-12-19
223214311,2013-11-13
223214817,2013-12-11
223215323,2013-12-05
223215829,2013-12-04
223216335,2013-12-17
223217347,2013-12-06
223218359,2013-12-04
223218865,2013-11-01
223219877,2013-10-23
223220383,2013-10-03
223220889,2013-12-23
223221395,2013-12-04
223221901,2013-11-08
223222407,2013-12-02
223222913,2013-10-22
223223419,2013-12-17
223223925,2013-12-04
223224431,2013-12-03
223224937,2013-12-04
223225443,2013-11-21
223226455,2013-12-05
223227467,2013-10-07
223228479,2014-10-07
223228985,2013-10-04
223229997,2013-10-09
223230503,2013-10-15
223231515,2013-11-01
223232021,2013-11-01
223232527,2013-12-05
223233539,2013-11-04
223234045,2013-10-01
223234551,2013-11-18
223235057,2013-11-18
223235563,2013-12-06
223236069,2013-10-07
223236575,2013-12-23
223237081,2013-11-15
223237587,2013-12-18
223238599,2013-11-15
223239105,2013-11-29
223239611,2013-11-15
223240117,2013-11-07
223241129,2013-12-10
223241635,2013-11-04
223242647,2013-10-04
223243153,2013-11-18
223243659,2013-12-09
223244165,2013-11-13
223244671,2013-11-18
223245683,2013-11-21
223246189,2013-10-18
223246695,2013-11-05
223247201,2013-11-01
223247707,2013-11-13
223248213,2013-12-11
223248719,2013-11-01
223249225,2013-11-13
223250237,2013-11-18
223251249,2013-11-18
223251755,2013-10-08
223252261,2013-11-21
223252767,2013-12-04
223253273,2013-12-09
223253779,2013-11-28
223254285,2013-10-11
223254791,2013-11-18
223255297,2013-12-04
223255803,2013-12-04
223256309,2013-11-06
223256815,2013-11-13
223257321,2013-11-18
223257827,2013-12-04
223258333,2013-11-18
223258839,2013-11-28
223259345,2013-11-01
223259851,2013-10-21
223260357,2013-10-11
223260863,2013-11-15
223261875,2013-11-12
223262381,2013-12-04
223262887,2013-11-28
223263393,2013-12-06
223263899,2013-12-06
223264405,2013-12-17
223264911,2013-10-22
223265417,2013-10-24
223265923,2013-12-19
223266429,2013-10-15
223266935,2013-11-13
223267441,2013-10-31
223267947,2013-12-04
223268453,2013-11-14
223268959,2013-11-19
223269465,2013-11-05
223269971,2013-11-01
223270477,2013-11-08
223270983,2013-10-22
223271489,2013-12-09
223271995,2013-12-12
223273007,2013-10-23
223273513,2013-10-31
223274019,2013-11-06
223274525,2013-11-27
223275031,2013-11-26
223275537,2013-11-01
223276043,2013-11-15
223276549,2013-11-12
223278067,2013-10-01
223278573,2013-11-20
223279079,2013-11-01
223279585,2013-12-16
223280091,2013-12-04
223280597,2013-11-07
223281103,2013-10-17
223281609,2013-11-26
223282115,2013-12-11
223282621,2013-11-14
223283127,2013-11-08
223284139,2013-10-31
223285151,2013-12-13
223285657,2013-12-03
223286163,2013-11-11
223286669,2013-11-13
223287175,2013-11-12
223287681,2013-11-21
223288187,2013-12-19
223288693,2013-11-26
223289199,2013-12-06
223289705,2013-12-06
223290211,2013-12-10
223291223,2013-11-04
223291729,2013-10-18
223292235,2013-12-09
223292741,2013-12-02
223293247,2013-10-30
223293753,2013-11-12
223294259,2013-10-21
223294765,2013-11-15
223295271,2013-12-11
223295777,2013-10-22
223296283,2013-12-10
223297295,2013-10-18
223298307,2013-10-17
223298813,2013-11-14
223299319,2013-10-24
223299825,2013-11-25
223300837,2013-11-01
223301343,2013-11-01
223301849,2013-11-22
223302355,2013-11-26
223302861,2013-10-14
223303367,2013-11-26
223304379,2013-11-19
223305391,2013-11-20
223305897,2013-12-17
223306403,2013-11-06
223307415,2013-12-04
223307921,2013-12-11
223308427,2013-10-17
223309945,2013-12-06
223310451,2013-11-25
223310957,2013-12-18
223311463,2013-11-14
223312981,2013-10-18
223313487,2013-10-15
223314499,2013-11-15
223315005,2013-12-04
223315511,2013-12-09
223316017,2013-10-30
223316523,2013-12-10
223317029,2013-12-16
223317535,2013-12-02
223318041,2013-11-01
223319053,2013-11-15
223319559,2013-12-04
223320065,2013-10-22
223320571,2013-12-02
223321077,2013-11-15
223321583,2013-11-18
223322089,2013-11-25
223322595,2013-10-25
223323101,2013-10-22
223323607,2013-11-01
223324619,2013-12-04
223325125,2013-11-04
223325631,2013-10-04
223326137,2013-11-29
223326643,2013-10-18
223327149,2013-11-21
223328161,2013-10-23
223328667,2013-11-13
223329679,2013-10-25
223330185,2013-11-01
223330691,2013-11-18
223331197,2013-11-28
223332209,2013-12-09
223332715,2013-12-05
223333221,2013-10-31
223334233,2013-10-29
223335245,2013-11-11
223335751,2013-10-21
223336257,2013-10-17
223336763,2013-12-17
223337269,2013-11-19
223337775,2013-10-30
223339293,2013-11-13
223340811,2013-11-29
223341317,2013-12-17
223341823,2013-12-19
223342329,2013-10-14
223342835,2013-11-29
223343341,2013-12-04
223343847,2013-10-04
223344353,2013-11-04
223344859,2013-11-29
223345365,2013-11-26
223345871,2013-11-18
223346377,2013-12-05
223346883,2013-12-11
223347389,2013-11-13
223347895,2013-12-11
223348401,2013-11-27
223348907,2013-10-29
223349413,2013-10-17
223349919,2013-11-14
223350425,2013-12-18
223350931,2013-10-25
223351943,2013-11-04
223352449,2013-12-01
223352955,2013-10-15
223353461,2013-10-22
223353967,2013-12-09
223354473,2013-12-06
223354979,2013-11-08
223355485,2013-12-09
223355991,2013-11-08
223356497,2013-10-30
223357003,2013-11-06
223357509,2013-12-04
223358015,2013-12-23
223358521,2013-11-19
223359533,2013-10-24
223360039,2013-11-21
223360545,2013-10-22
223361051,2013-12-17
223361557,2013-10-01
223362063,2013-12-23
223362569,2013-10-31
223363581,2013-12-05
223364593,2013-11-25
223366111,2013-12-19
223366617,2013-12-02
223367123,2013-12-19
223367629,2013-12-17
223368135,2013-11-21
223368641,2013-10-16
223369147,2013-11-08
223369653,2013-10-21
223370159,2013-12-12
223370665,2013-11-13
223371171,2013-11-14
223371677,2013-12-13
223372183,2013-10-22
223372689,2013-11-27
223373195,2013-10-24
223374207,2013-11-08
223374713,2013-12-03
223375725,2013-10-02
223376231,2013-10-21
223377243,2013-10-31
223377749,2013-12-17
223378255,2013-11-15
223378761,2013-11-20
223379267,2013-10-04
223379773,2013-10-31
223380785,2013-10-29
223381291,2013-12-04
223382303,2013-11-29
223382809,2013-10-08
223383315,2013-12-09
223383821,2013-11-06
223384327,2013-10-31
223384833,2013-10-24
223385845,2013-12-06
223386351,2013-10-18
223386857,2013-12-06
223387363,2013-12-16
223387869,2013-12-03
223388375,2013-12-05
223390399,2013-11-01
223390905,2013-12-17
223391411,2013-12-17
223391917,2013-11-13
223392423,2013-10-09
223392929,2013-11-15
223393941,2013-12-09
223394447,2013-10-09
223394953,2013-10-03
223395459,2013-12-13
223396471,2013-11-19
223396977,2013-11-04
223397483,2013-11-08
223398495,2013-12-03
223399507,2013-10-16
223400013,2013-12-19
223400519,2013-12-23
223401531,2013-11-29
223402543,2013-11-29
223403049,2013-11-25
223404061,2013-12-28
223404567,2013-12-23
223405073,2013-10-14
223405579,2013-10-08
223406085,2013-11-08
223406591,2013-11-18
223407097,2013-12-16
223407603,2013-12-11
223408109,2013-11-06
223408615,2013-11-25
223410133,2013-12-03
223410639,2013-11-06
223411145,2013-10-31
223412663,2013-11-19
223413169,2013-11-20
223413675,2013-11-19
223414181,2013-11-25
223414687,2013-12-10
223415193,2013-11-06
223415699,2013-12-19
223416205,2013-11-01
223416711,2013-10-07
223417217,2013-10-15
223418229,2013-11-25
223419241,2013-12-06
223420253,2013-11-29
223421771,2013-11-22
223423289,2013-11-06
223424301,2013-10-24
223424807,2013-12-05
223425313,2013-12-03
223426325,2013-11-11
223426831,2013-10-07
223427337,2013-11-25
223427843,2013-11-07
223428855,2013-12-23
223429867,2013-11-07
223430373,2013-12-13
223432903,2013-12-19
223433409,2013-11-05
223434421,2013-10-29
223434927,2013-11-04
223435433,2013-11-26
223436445,2013-10-18
223436951,2013-10-21
223437457,2013-11-11
223437963,2013-12-03
223438469,2013-12-06
223439987,2013-11-19
223440493,2013-11-12
223440999,2013-11-19
223441505,2013-12-17
223442517,2013-11-01
223443529,2013-10-31
223445047,2013-10-21
223445553,2013-12-03
223446059,2013-11-06
223446565,2013-12-30
223447071,2013-11-15
223448083,2013-12-09
223449095,2013-12-04
223449601,2013-12-04
223450107,2013-10-11
223451119,2013-12-06
223451625,2013-11-26
223452131,2013-12-04
223452637,2013-11-04
223453143,2013-10-16
223453649,2013-12-30
223454155,2013-12-16
223454661,2013-12-17
223455673,2013-11-18
223456179,2013-12-03
223456685,2013-12-10
223457191,2013-12-27
223457697,2013-10-18
223458203,2013-10-30
223459215,2013-11-01
223459721,2013-10-15
223460227,2013-10-11
223461239,2013-12-19
223461745,2013-12-09
223463263,2013-10-24
223463769,2013-11-06
223464275,2013-10-11
223464781,2013-12-23
223465287,2013-12-17
223466299,2013-11-15
223466805,2013-11-22
223467311,2013-12-05
223468829,2013-10-21
223469335,2013-11-29
223470347,2013-10-15
223470853,2013-11-04
223471359,2013-12-14
223471865,2013-10-01
223472371,2013-12-17
223472877,2013-12-18
223473383,2013-11-29
223473889,2014-10-06
223474395,2013-11-13
223474901,2013-11-06
223475407,2013-10-15
223475913,2013-11-13
223476419,2013-11-14
223477431,2013-11-27
223477937,2013-10-21
223478443,2013-12-16
223478949,2013-12-04
223480973,2013-12-12
223481479,2013-11-13
223481985,2013-11-05
223482491,2013-10-30
223482997,2013-11-14
223483503,2013-11-19
223484009,2013-11-13
223485021,2013-12-11
223485527,2013-11-19
223486033,2013-11-20
223486539,2013-11-06
223487045,2013-12-30
223488057,2013-10-23
223488563,2013-12-19
223489069,2013-10-03
223489575,2013-12-19
223490081,2013-12-12
223490587,2013-12-17
223491093,2013-12-12
223491599,2013-12-26
223492105,2013-11-14
223492611,2013-10-25
223493623,2013-10-16
223494635,2013-11-08
223495141,2013-10-11
223495647,2013-11-29
223496659,2013-12-06
223497671,2013-11-27
223498177,2013-12-17
223498683,2013-11-14
223499189,2013-11-18
223501213,2013-12-10
223501719,2013-10-25
223502225,2013-10-21
223502731,2013-12-02
223503237,2013-12-17
223503743,2013-10-02
223504249,2013-10-11
223505767,2013-12-18
223506273,2013-11-19
223507791,2013-12-30
223509309,2013-11-05
223510827,2013-12-09
223511333,2013-10-31
223512345,2013-12-06
223512851,2013-12-19
223513357,2013-11-21
223513863,2013-12-05
223515381,2013-11-15
223515887,2013-12-12
223516393,2013-11-08
223517405,2013-12-17
223517911,2013-11-18
223518417,2013-12-26
223518923,2013-12-13
223519429,2013-10-09
223519935,2013-10-09
223520441,2013-12-04
223521453,2013-12-31
223521959,2013-11-15
223522465,2013-12-17
223522971,2013-12-17
223523477,2013-12-05
223523983,2013-11-04
223524489,2013-12-23
223525501,2013-10-07
223526513,2013-10-23
223527019,2013-12-12
223527525,2013-10-29
223528031,2013-11-22
223528537,2013-10-09
223529549,2013-12-05
223530055,2013-11-08
223530561,2013-10-30
223531067,2014-12-19
223531573,2013-10-23
223532079,2013-12-19
223532585,2013-11-04
223533091,2013-12-20
223534609,2014-11-07
223535115,2013-11-26
223535621,2013-11-13
223536633,2013-11-12
223538151,2013-12-05
223539669,2013-10-31
223540175,2013-10-08
223540681,2013-12-24
223544223,2013-11-04
223545741,2013-12-09
223546247,2013-12-10
223546753,2013-11-14
223547259,2013-11-19
223547765,2013-11-20
223548777,2013-12-31
223549283,2013-11-01
223549789,2013-12-03
223550295,2013-11-01
223551307,2013-11-04
223551813,2013-12-09
223552825,2013-12-05
223553837,2013-12-04
223554849,2013-10-30
223557379,2013-12-26
223557885,2013-11-25
223559403,2013-12-17
223560921,2013-11-01
223561427,2013-12-16
223561933,2013-11-19
223562439,2013-11-11
223562945,2013-11-25
223563451,2013-12-04
223563957,2013-12-23
223564969,2013-11-21
223565981,2013-12-13
223566487,2013-11-11
223567499,2014-11-07
223568005,2013-11-19
223569523,2013-10-24
223571547,2013-11-19
223572053,2013-10-23
223573065,2014-10-10
223574077,2013-11-15
223574583,2013-12-17
223575595,2013-10-31
223577113,2013-10-31
223578125,2013-11-25
223578631,2013-11-26
223579137,2013-10-23
223579643,2013-10-04
223580149,2013-12-13
223580655,2013-12-31
223581667,2013-10-29
223582173,2013-10-21
223583185,2013-10-11
223583691,2013-10-29
223584703,2013-10-29
223586221,2013-11-21
223586727,2013-11-14
223587233,2013-11-06
223587739,2013-11-25
223588245,2013-11-21
223589257,2013-10-04
223589763,2013-12-06
223590269,2013-11-14
223591787,2013-11-18
223592799,2013-11-08
223593811,2013-10-28
223595329,2013-10-31
223596847,2013-12-03
223597353,2013-11-04
223597859,2013-12-23
223599377,2013-11-08
223600389,2013-10-31
223602413,2013-11-18
223603931,2013-11-14
223604437,2013-11-12
223604943,2013-10-11
223606461,2013-12-19
223608485,2013-10-31
223608991,2013-11-26
223609497,2013-12-05
223610509,2013-10-31
223611015,2013-10-24
223612027,2013-11-06
223612533,2013-11-06
223613039,2013-12-27
223614051,2013-12-06
223614557,2013-12-16
223615063,2013-10-03
223615569,2013-12-18
223616075,2013-11-08
223618099,2013-11-15
223618605,2013-10-02
223620123,2013-10-31
223622653,2013-11-20
223623665,2013-12-06
223624171,2013-10-14
223624677,2013-11-26
223625689,2013-10-31
223628219,2013-11-25
223628725,2013-12-09
223629737,2013-10-24
223630243,2013-12-12
223630749,2013-10-16
223632773,2013-11-08
223633279,2013-11-13
223633785,2014-10-24
223634291,2013-12-17
223634797,2013-11-11
223635303,2013-12-18
223635809,2013-12-18
223636315,2014-12-12
223637327,2013-10-08
223638845,2013-10-21
223639351,2013-11-08
223642387,2013-11-13
223643905,2013-10-30
223644411,2014-11-03
223645423,2013-11-04
223645929,2013-10-30
223646435,2013-11-15
223646941,2013-12-12
223647953,2013-11-11
223648459,2013-12-04
223648965,2013-12-03
223649471,2013-11-13
223649977,2013-10-17
223650989,2013-12-17
223651495,2013-12-17
223652001,2013-10-28
223654025,2013-11-07
223655037,2013-12-10
223656049,2013-11-12
223656555,2013-12-03
223657061,2013-10-30
223657567,2013-11-06
223659085,2013-12-09
223659591,2013-11-25
223660603,2014-10-28
223661109,2013-11-29
223661615,2013-11-26
223662121,2013-12-18
223662627,2013-11-13
223663133,2013-12-27
223664145,2013-10-24
223665663,2013-10-25
223666169,2013-10-30
223667687,2013-12-10
223668699,2014-10-13
223670217,2013-11-14
223671735,2013-10-10
223674265,2013-12-05
223676795,2014-12-15
223678819,2013-12-03
223679325,2013-11-26
223679831,2014-12-19
223681855,2014-10-09
223682361,2014-12-30
223683373,2013-10-15
223684385,2013-10-15
223684891,2013-11-13
223685397,2013-10-31
223685903,2013-11-06
223687927,2013-10-04
223688939,2013-11-13
223689445,2013-12-18
223690457,2013-11-12
223690963,2013-11-29
223692481,2013-12-30
223692987,2014-10-14
223693999,2013-11-04
223694505,2013-11-01
223695011,2013-11-13
223695517,2013-10-04
223700071,2013-10-30
223702095,2013-12-13
223703613,2013-12-16
223704625,2013-10-24
223705131,2013-11-25
223707155,2013-11-04
223708167,2013-10-23
223708673,2013-12-12
223709685,2013-11-22
223710697,2013-11-04
223712215,2013-12-04
223712721,2013-11-04
223713227,2013-11-20
223715251,2013-12-19
223716769,2013-12-04
223717275,2013-10-01
223720311,2013-11-27
223720817,2013-10-30
223721829,2013-11-04
223722335,2013-11-12
223722841,2013-12-17
223724865,2013-12-10
223725371,2013-12-02
223725877,2013-12-19
223727395,2013-12-04
223728913,2013-12-05
223729419,2013-11-13
223729925,2013-10-09
223732961,2013-10-31
223733467,2013-12-18
223733973,2013-11-12
223734479,2013-11-01
223735491,2013-11-12
223735997,2013-11-13
223737009,2014-10-24
223739539,2013-10-11
223740045,2013-10-08
223740551,2013-12-13
223741057,2013-12-30
223742575,2013-12-17
223744093,2013-12-17
223744599,2013-11-19
223745611,2013-10-31
223746117,2013-12-26
223747635,2013-12-10
223750165,2013-11-14
223752189,2013-10-03
223753201,2013-12-10
223753707,2013-11-22
223756237,2013-12-30
223757249,2013-10-21
223759779,2013-11-04
223761297,2013-10-09
223763321,2013-12-27
223763827,2013-12-17
223765345,2013-11-06
223765851,2014-10-23
223766357,2013-12-06
223766863,2013-12-26
223768381,2013-11-01
223768887,2013-10-22
223769899,2013-11-14
223770911,2013-11-15
223771417,2013-11-19
223772429,2013-11-12
223772935,2013-10-30
223774453,2014-10-28
223776477,2014-11-20
223776983,2013-10-30
223777995,2013-11-21
223780525,2013-12-17
223781031,2013-11-05
223782043,2013-11-18
223783055,2013-12-09
223783561,2013-11-14
223784067,2013-11-18
223785585,2013-10-16
223786091,2013-12-03
223786597,2013-11-21
223787609,2013-10-14
223788115,2014-11-13
223789127,2013-12-26
223789633,2013-11-13
223790139,2013-10-22
223790645,2013-11-13
223791657,2013-12-19
223793175,2013-12-10
223793681,2013-12-17
223795199,2013-11-01
223796211,2013-12-06
223797729,2013-11-19
223798235,2014-11-14
223800259,2013-11-11
223802283,2013-11-04
223802789,2013-12-26
223804307,2013-10-18
223805319,2013-12-11
223805825,2014-10-10
223806331,2014-11-04
223807343,2013-11-15
223807849,2013-12-06
223808355,2013-10-16
223808861,2013-12-17
223810379,2013-12-16
223810885,2013-12-13
223812909,2013-11-25
223813921,2013-12-04
223814933,2013-10-28
223816451,2013-10-23
223818981,2014-12-02
223819993,2013-12-19
223821511,2013-11-25
223822017,2013-12-05
223822523,2013-10-15
223825053,2013-10-18
223827077,2013-11-14
223827583,2013-12-06
223829101,2013-12-10
223831125,2013-12-23
223831631,2013-11-08
223833149,2013-12-18
223833655,2014-11-29
223834161,2013-10-30
223835679,2013-11-08
223838209,2013-10-28
223839221,2013-11-05
223839727,2013-11-13
223840739,2013-12-11
223842763,2013-11-25
223844281,2013-10-15
223846305,2013-12-18
223846811,2013-12-18
223847317,2013-12-06
223849341,2013-11-11
223849847,2013-12-19
223850353,2013-12-03
223852377,2014-10-24
223852883,2013-12-02
223853389,2013-12-09
223854907,2013-11-20
223855413,2013-12-17
223856425,2013-10-23
223856931,2013-10-24
223857437,2014-10-06
223858955,2013-10-23
223861991,2013-11-06
223863003,2013-12-26
223863509,2013-11-12
223864015,2013-12-23
223864521,2013-10-16
223866039,2013-10-03
223867051,2013-12-21
223867557,2013-10-21
223868063,2013-11-26
223870593,2013-11-19
223873123,2013-12-24
223874135,2013-10-31
223874641,2013-11-27
223875147,2013-12-06
223876159,2013-12-05
223879195,2013-10-08
223879701,2013-12-10
223885773,2013-11-21
223886785,2013-12-17
223887291,2014-12-02
223887797,2013-12-18
223888303,2013-12-30
223888809,2013-10-24
223890833,2013-11-14
223891845,2013-12-13
223893363,2013-11-28
223900953,2013-11-25
223902471,2013-12-19
223906013,2013-12-17
223908037,2013-11-08
223910061,2013-12-18
223913097,2013-11-01
223913603,2013-11-19
223914109,2013-10-23
223914615,2013-10-03
223916133,2013-11-01
223917145,2014-10-28
223918663,2014-12-01
223928783,2013-11-08
223929795,2013-11-21
223931819,2013-11-08
223933337,2013-10-18
223934855,2013-12-03
223937385,2013-11-14
223938397,2013-12-16
223940421,2013-12-06
223943457,2013-12-19
223945481,2013-12-04
223946493,2013-11-06
223948011,2013-10-29
223948517,2013-11-21
223951553,2013-12-19
223952565,2013-12-20
223956107,2013-12-03
223956613,2013-10-04
223957119,2013-11-06
223957625,2013-10-04
223958131,2013-12-18
223958637,2013-11-06
223959649,2013-12-04
223961167,2013-11-11
223964203,2014-12-03
223965215,2013-12-17
223968251,2014-11-17
223973311,2014-11-14
223973817,2013-11-11
223974323,2013-12-11
223974829,2013-10-30
223975335,2013-12-05
223976347,2013-10-31
223976853,2013-12-09
223979383,2013-12-17
223979889,2013-11-19
223985455,2013-11-08
223986973,2013-12-09
223987479,2013-12-19
223991021,2013-10-17
223994563,2013-12-09
223995575,2013-11-14
223996587,2013-12-02
223999117,2013-12-06
224000129,2013-10-30
224001141,2013-11-12
224003671,2013-12-10
224005695,2014-11-10
224007719,2013-11-14
224009743,2013-11-11
224010249,2013-11-19
224013791,2013-11-21
224014297,2013-10-15
224023911,2013-11-13
224026441,2013-11-18
224026947,2013-12-19
224028465,2013-11-08
224030489,2013-10-03
224032513,2014-10-02
224033019,2013-11-14
224033525,2013-12-27
224034537,2013-12-05
224039091,2013-11-13
224041115,2013-12-13
224044657,2013-11-15
224045669,2013-10-16
224046681,2013-12-02
224047693,2014-10-13
224049211,2013-10-24
224050223,2013-11-12
224050729,2013-11-11
224051235,2013-11-01
224054271,2013-12-06
224057813,2013-12-31
224061355,2014-12-09
224068945,2013-12-05
224070463,2013-12-05
224070969,2013-10-03
224072487,2013-10-29
224076029,2013-11-01
224078053,2013-11-12
224081089,2014-10-20
224082607,2013-11-01
224085137,2014-11-13
224086655,2014-11-11
224091715,2013-10-30
224092727,2013-11-13
224094245,2013-12-10
224100317,2013-11-06
224101835,2013-12-13
224103353,2014-11-10
224103859,2014-10-20
224104365,2013-12-03
224108919,2013-10-29
224109931,2013-11-19
224110943,2013-12-09
224118027,2013-11-13
224120051,2013-10-21
224122075,2013-12-03
224124099,2013-11-27
224125617,2013-12-16
224130677,2014-10-07
224131183,2013-11-27
224132701,2013-11-22
224134725,2013-11-01
224137761,2013-12-24
224138773,2013-12-06
224139279,2013-10-15
224139785,2013-10-03
224145351,2013-12-06
224145857,2013-12-09
224147881,2013-11-20
224149905,2013-11-11
224151423,2013-11-14
224172169,2014-11-28
224175205,2013-11-18
224180771,2013-12-10
224181277,2013-12-04
224182289,2013-11-13
224185325,2014-10-28
224185831,2013-10-15
224187855,2013-12-05
224188867,2013-12-19
224189879,2014-11-17
224190891,2013-12-24
224191903,2013-12-19
224198481,2013-11-21
224201517,2013-11-26
224202023,2013-11-12
224202529,2013-12-17
224203541,2013-12-30
224210625,2013-12-18
224212649,2013-10-18
224214167,2013-12-23
224216191,2013-11-18
224217203,2013-12-30
224219733,2013-12-05
224222263,2013-11-15
224222769,2013-11-20
224223781,2013-10-21
224225805,2013-11-18
224228841,2014-11-05
224229347,2013-10-31
224230865,2013-12-05
224235419,2014-10-23
224235925,2014-12-11
224239467,2013-12-19
224241997,2013-11-14
224242503,2013-12-06
224243009,2013-10-10
224243515,2013-10-18
224246551,2014-10-28
224248069,2013-10-15
224251105,2013-11-13
224251611,2014-10-21
224255153,2013-11-05
224257177,2013-11-05
224260213,2013-12-17
224260719,2013-10-15
224261225,2013-12-26
224265779,2013-11-18
224270839,2014-11-27
224271345,2014-11-06
224274887,2013-12-30
224275899,2013-12-17
224276911,2013-11-25
224278935,2013-10-24
224280453,2013-11-12
224281971,2013-10-30
224282983,2013-11-25
224284501,2014-10-02
224285513,2013-12-06
224286525,2014-10-17
224287537,2013-11-05
224288549,2013-10-02
224289561,2013-12-13
224290067,2013-12-05
224291585,2013-11-18
224292091,2013-12-05
224292597,2013-12-17
224293609,2013-11-25
224296645,2014-10-13
224297151,2014-11-12
224299681,2013-12-17
224301199,2013-12-02
224302717,2013-12-05
224304741,2014-10-23
224305753,2013-11-18
224307271,2014-10-31
224307777,2014-12-01
224318403,2013-12-19
224318909,2014-10-23
224320427,2014-10-14
224323463,2013-11-27
224323969,2013-11-19
224326499,2013-12-13
224329029,2013-12-10
224329535,2014-10-22
224331559,2014-10-09
224332065,2013-11-13
224334595,2014-12-02
224335607,2013-11-11
224336113,2014-11-21
224336619,2014-10-13
224341679,2013-12-18
224344715,2014-11-15
224352811,2013-10-21
224353317,2014-10-09
224355341,2013-12-03
224361413,2013-12-18
224363943,2013-12-02
224364449,2013-12-30
224364955,2013-11-06
224369003,2013-11-08
224370015,2013-12-03
224370521,2013-10-22
224375581,2013-12-05
224376087,2013-11-11
224380135,2013-10-29
224384689,2014-10-22
224385701,2013-10-24
224391267,2013-10-22
224393797,2013-10-25
224394303,2013-12-05
224397845,2014-11-14
224399869,2013-12-05
224404929,2014-11-30
224405941,2014-10-22
224407459,2013-10-29
224409483,2013-11-12
224409989,2013-11-04
224416567,2014-11-04
224419097,2014-11-14
224421627,2013-10-15
224423145,2013-11-15
224425169,2013-10-30
224431747,2014-10-23
224440349,2014-10-28
224441361,2014-10-28
224441867,2013-11-21
224444903,2014-10-22
224447433,2013-12-24
224447939,2013-10-25
224453505,2013-11-19
224456541,2014-11-13
224460589,2014-11-21
224461095,2014-10-10
224463625,2013-12-03
224465143,2013-12-17
224469191,2013-10-11
224470203,2013-10-14
224474251,2013-11-01
224475263,2013-11-01
224476781,2013-10-31
224477287,2013-11-11
224482853,2013-11-19
224487913,2014-11-26
224496009,2014-10-17
224501069,2014-10-01
224503093,2013-11-13
224503599,2014-10-10
224506635,2013-12-30
224509165,2013-11-21
224511695,2013-12-20
224518779,2014-11-11
224519791,2013-12-10
224521309,2013-10-01
224523839,2014-11-21
224524851,2014-12-04
224525357,2014-10-07
224529911,2014-10-10
224531429,2013-11-15
224531935,2013-12-17
224533959,2013-11-05
224536489,2014-10-16
224536995,2013-10-21
224539525,2013-11-12
224543067,2014-10-13
224551163,2014-12-16
224552175,2014-10-01
224553187,2013-11-20
224554705,2014-10-02
224558247,2014-12-03
224558753,2013-12-19
224561283,2013-11-18
224562801,2014-10-28
224564319,2013-12-10
224567861,2013-11-12
224568367,2013-11-13
224569379,2014-10-23
224574439,2013-12-13
224583547,2014-10-13
224589619,2013-12-17
224590631,2014-10-28
224594173,2013-10-11
224594679,2013-11-22
224596197,2013-11-27
224596703,2013-12-17
224603281,2014-10-23
224604799,2013-10-14
224607329,2013-11-21
224609859,2013-12-26
224611377,2013-10-31
224611883,2013-10-03
224613907,2013-10-16
224616437,2014-10-23
224617449,2013-11-04
224618461,2013-11-12
224623521,2013-12-06
224624027,2013-12-17
224634653,2013-12-05
224636677,2014-10-17
224639207,2013-11-13
224644267,2014-11-04
224650339,2014-10-10
224651857,2014-10-22
224656917,2014-10-11
224659953,2013-11-18
224674627,2013-10-10
224675133,2013-10-24
224679181,2013-11-26
224680699,2013-11-21
224681711,2013-11-01
224690819,2014-10-06
224694361,2013-12-05
224696385,2013-12-03
224708023,2014-12-11
224710553,2014-12-11
224712577,2014-10-28
224717637,2013-11-11
224719155,2013-12-04
224719661,2014-12-15
224721685,2014-10-20
224722697,2014-11-04
224723203,2014-10-17
224727251,2013-11-26
224729781,2013-12-17
224730287,2013-10-21
224732817,2013-12-19
224742937,2013-10-14
224744961,2013-10-03
224746985,2013-10-31
224758117,2013-11-08
224761659,2013-12-11
224765707,2014-10-10
224767225,2014-10-10
224775321,2013-10-22
224775827,2014-11-18
224777345,2014-10-22
224781393,2014-10-10
224784429,2013-10-28
224787971,2013-11-11
224789995,2013-11-26
224790501,2013-10-08
224794043,2013-11-18
224800621,2014-10-07
224802139,2014-10-22
224802645,2014-10-22
224807705,2014-10-22
224814789,2014-10-03
224816307,2014-10-20
224820861,2013-12-10
224821367,2013-11-18
224822379,2013-12-05
224825921,2014-10-18
224826427,2013-12-05
224828451,2014-10-28
224833511,2013-11-22
224835029,2013-12-20
224844137,2014-10-23
224846667,2013-11-12
224847679,2014-10-10
224849197,2014-10-23
224853751,2014-11-21
224856787,2013-10-15
224857799,2013-11-13
224860835,2013-12-16
224868931,2014-10-23
224869437,2014-11-27
224875003,2013-11-14
224883099,2014-11-15
224884617,2013-11-01
224887147,2013-10-28
224889677,2013-12-06
224891701,2013-12-05
224892713,2013-10-28
224893725,2014-11-03
224898279,2013-12-03
224898785,2014-11-04
224907893,2014-10-22
224909917,2013-12-09
224911941,2013-12-05
224915483,2014-11-26
224922567,2013-11-19
224923073,2014-10-30
224934711,2014-11-16
224937241,2014-10-10
224940277,2013-11-25
224940783,2014-11-18
224945843,2013-10-22
224953939,2013-11-29
224956469,2014-11-04
224958493,2013-12-20
224961023,2014-10-22
224961529,2013-10-09
224967601,2014-10-20
224973167,2014-10-10
224974179,2014-11-12
224979239,2014-10-21
224981769,2014-11-30
224983287,2014-10-24
224984805,2013-11-26
224986323,2013-10-11
224986829,2013-11-26
224987841,2014-10-10
224991383,2013-11-25
224998467,2013-11-27
224998973,2014-10-28
224999985,2014-10-22
225000997,2014-10-19
225002515,2013-12-17
225006057,2013-12-06
225009093,2014-11-05
225010611,2014-10-28
225011117,2014-10-10
225014659,2013-12-16
225016683,2013-11-19
225020731,2013-10-09
225026803,2014-10-09
225032875,2013-10-10
225037935,2014-10-28
225038441,2013-11-01
225040971,2014-10-30
225043501,2013-11-07
225044007,2014-10-30
225044513,2014-10-06
225048055,2014-10-09
225052609,2013-12-27
225058681,2014-10-06
225059187,2014-11-19
225064247,2014-10-02
225064753,2014-10-09
225070319,2013-10-22
225071331,2014-10-20
225074367,2014-10-22
225075379,2013-12-10
225076391,2013-12-10
225080945,2014-10-09
225081451,2014-10-10
225087017,2014-10-31
225088535,2014-12-03
225090053,2014-10-03
225094101,2014-10-06
225099161,2013-11-13
225100173,2014-10-11
225101185,2013-11-29
225101691,2014-10-08
225102197,2013-12-16
225102703,2014-10-07
225104727,2014-10-07
225107257,2014-11-04
225108269,2014-10-01
225110293,2014-10-06
225112317,2014-11-17
225115859,2014-10-09
225118895,2013-11-20
225119401,2014-11-25
225121425,2014-10-19
225121931,2014-10-28
225129015,2014-10-09
225132051,2014-12-22
225134581,2014-10-02
225135087,2014-10-02
225139135,2014-10-17
225139641,2014-10-13
225140147,2014-10-13
225141665,2014-10-07
225143183,2014-10-01
225144701,2014-10-04
225145207,2014-10-08
225148243,2014-10-10
225150267,2014-12-09
225151785,2014-10-10
225152291,2014-10-07
225155327,2014-12-08
225158869,2014-10-07
225163929,2014-10-10
225165953,2014-10-14
225169495,2014-12-27
225171013,2014-10-07
225174555,2014-10-22
225176073,2013-12-04
225176579,2014-10-15
225177085,2014-10-10
225177591,2014-10-25
225178097,2014-10-17
225178603,2013-11-21
225180627,2014-10-11
225181639,2014-10-27
225182145,2013-11-01
225186699,2014-10-17
225193277,2014-10-01
225194795,2013-10-04
225195301,2014-10-02
225195807,2014-10-10
225198843,2014-10-02
225200867,2014-10-02
225205927,2014-10-20
225207445,2014-10-13
225209975,2013-11-12
225210481,2013-10-31
225210987,2014-10-17
225211999,2014-10-02
225212505,2014-10-28
225214023,2014-10-28
225214529,2014-10-02
225215035,2014-10-07
225218071,2014-10-09
225218577,2013-10-23
225222119,2014-10-10
225222625,2014-10-10
225229203,2014-10-06
225229709,2014-10-10
225230215,2014-10-06
225232239,2014-11-10
225232745,2014-11-02
225233757,2014-10-20
225237805,2014-11-05
225238817,2014-10-10
225240335,2014-10-21
225241853,2014-10-27
225242359,2014-10-21
225245901,2013-10-03
225246407,2014-12-15
225247925,2014-11-03
225248937,2014-11-03
225250961,2014-10-30
225252479,2014-10-02
225252985,2014-10-22
225254503,2014-10-02
225258045,2014-10-27
225258551,2014-10-17
225259563,2014-10-13
225260069,2014-10-23
225263611,2014-10-10
225265129,2014-10-02
225266141,2014-10-17
225266647,2014-11-06
225267153,2014-11-07
225269177,2014-10-23
225269683,2014-10-02
225271201,2014-10-24
225272213,2014-11-13
225272719,2014-10-23
225273731,2014-10-24
225274743,2014-10-07
225275755,2014-10-10
225277273,2014-10-22
225277779,2014-10-28
225278285,2014-10-10
225278791,2014-10-06
225279297,2014-10-02
225280309,2014-11-02
225280815,2014-10-23
225282333,2013-11-13
225282839,2014-11-03
225283851,2014-10-31
225286381,2013-10-15
225287393,2013-11-12
225291947,2014-10-10
225292453,2014-10-10
225292959,2014-11-06
225293465,2014-10-22
225293971,2014-10-17
225294983,2014-11-04
225297007,2014-10-22
225297513,2014-10-13
225299031,2014-10-10
225300043,2014-10-02
225301055,2014-10-28
225302067,2014-10-28
225302573,2014-10-22
225303079,2014-10-10
225304091,2014-11-03
225306115,2014-10-16
225308139,2014-10-10
225310669,2014-10-10
225312693,2014-11-03
225313199,2014-10-10
225315223,2014-10-31
225316741,2014-10-14
225317753,2013-12-06
225318765,2014-10-06
225319271,2014-10-27
225319777,2014-10-07
225320283,2014-10-23
225320789,2014-10-18
225321295,2014-10-21
225322307,2014-11-12
225324331,2013-10-11
225324837,2014-10-11
225326355,2013-11-08
225327367,2014-11-17
225328379,2014-10-13
225329897,2014-10-23
225330403,2014-11-17
225331921,2014-11-10
225332427,2014-12-08
225333945,2014-10-07
225334451,2014-11-13
225334957,2014-11-10
225335969,2013-11-12
225336981,2014-10-20
225337487,2014-10-02
225339005,2014-10-10
225340017,2014-11-18
225340523,2014-10-28
225341029,2014-10-14
225342041,2014-10-06
225343559,2014-10-14
225344571,2014-11-17
225345583,2014-10-08
225346089,2014-10-01
225347101,2014-10-07
225347607,2014-10-07
225348619,2014-10-15
225349125,2014-10-06
225350643,2014-11-18
225351655,2014-11-05
225352667,2013-12-27
225353679,2014-11-05
225355197,2014-10-28
225357221,2014-11-04
225357727,2014-10-02
225359751,2014-10-10
225360763,2014-10-10
225361269,2014-10-10
225361775,2014-10-02
225363293,2014-10-22
225364305,2014-10-17
225366329,2014-10-10
225367847,2014-10-10
225368353,2014-10-29
225368859,2014-10-07
225369365,2014-11-04
225369871,2014-10-06
225370883,2014-10-06
225373413,2014-11-14
225373919,2014-11-06
225374425,2014-10-07
225374931,2014-11-10
225375437,2014-10-28
225378473,2014-10-27
225379991,2014-10-30
225381509,2014-10-01
225382521,2014-10-07
225383027,2014-11-24
225384039,2014-10-07
225385051,2014-10-06
225387075,2014-10-14
225388087,2014-10-07
225389605,2014-11-24
225391123,2014-10-22
225392135,2014-10-28
225392641,2013-10-02
225393147,2014-10-25
225393653,2014-10-15
225394159,2014-10-30
225395171,2013-10-03
225395677,2014-10-14
225397195,2014-10-21
225398713,2014-10-03
225399219,2014-10-28
225400737,2014-10-10
225401749,2014-10-10
225402255,2014-10-22
225403267,2014-10-27
225403773,2014-11-24
225404279,2014-11-04
225404785,2014-10-07
225405291,2014-10-22
225406303,2014-11-19
225406809,2014-11-04
225408833,2014-10-10
225410857,2014-10-07
225411363,2014-10-23
225412375,2014-11-19
225412881,2014-11-04
225413387,2014-10-23
225413893,2014-10-09
225414399,2014-10-13
225414905,2014-12-15
225415411,2014-10-21
225415917,2014-11-23
225416929,2014-10-10
225417435,2014-10-28
225418953,2013-11-13
225419965,2014-11-04
225420471,2014-10-10
225422495,2013-12-13
225424013,2014-10-02
225425025,2014-10-10
225426543,2014-10-10
225427555,2014-10-07
225428061,2014-11-24
225429073,2014-10-20
225429579,2014-10-14
225431603,2013-10-22
225432615,2014-10-14
225433121,2014-11-04
225433627,2014-10-23
225434639,2014-10-30
225435145,2014-10-22
225436157,2014-11-26
225437169,2014-10-20
225437675,2014-10-22
225438181,2014-10-06
225438687,2014-10-22
225439193,2014-10-28
225440711,2014-10-20
225441217,2013-12-03
225442229,2014-11-27
225442735,2014-10-17
225443241,2014-11-30
225444759,2014-10-07
225445771,2014-11-30
225446277,2014-11-26
225447289,2014-10-06
225447795,2014-11-25
225451337,2014-10-07
225451843,2014-11-02
225452349,2014-10-22
225452855,2014-10-09
225453361,2014-10-29
225453867,2013-11-20
225454373,2014-10-10
225455385,2014-10-20
225456903,2014-11-12
225457915,2014-10-07
225458421,2014-10-23
225459939,2014-10-27
225460445,2014-11-28
225462469,2013-10-11
225463481,2014-10-23
225463987,2014-12-01
225464999,2014-10-20
225466011,2014-10-28
225466517,2014-12-01
225467023,2014-11-19
225467529,2013-11-11
225469047,2014-10-21
225472589,2014-11-11
225473095,2014-10-10
225475119,2014-10-30
225475625,2014-11-12
225476131,2014-10-23
225477143,2014-10-17
225479673,2014-11-19
225481697,2014-10-31
225482203,2014-10-09
225482709,2013-11-25
225483215,2014-10-23
225484227,2014-10-28
225484733,2014-10-23
225485239,2014-11-15
225486757,2014-10-28
225487263,2013-10-16
225487769,2014-11-04
225489793,2014-10-22
225490299,2014-10-10
225490805,2014-10-14
225491311,2014-10-02
225491817,2014-10-22
225492829,2014-10-22
225494853,2014-10-17
225495359,2013-12-05
225495865,2014-11-13
225497889,2014-10-28
225498395,2014-10-10
225498901,2014-10-30
225499407,2014-10-10
225499913,2014-10-17
225500925,2014-10-07
225501937,2014-10-22
225502443,2014-12-01
225502949,2013-11-26
225503455,2014-10-02
225504973,2014-10-17
225505985,2014-10-23
225506997,2014-10-23
225508009,2014-10-07
225509021,2014-10-10
225510033,2014-12-08
225510539,2013-12-05
225511045,2014-12-03
225511551,2014-11-28
225513069,2014-10-14
225513575,2014-10-22
225514587,2014-10-06
225515599,2014-10-27
225517117,2014-10-23
225518129,2014-10-22
225518635,2014-10-23
225519647,2014-10-07
225520659,2014-10-10
225521165,2014-11-18
225522177,2014-10-06
225522683,2014-10-17
225523189,2014-11-14
225523695,2014-10-06
225525213,2014-10-17
225525719,2014-12-08
225526731,2014-11-07
225527237,2014-10-07
225527743,2014-10-09
225529261,2014-12-02
225530779,2014-11-29
225531791,2014-10-07
225533309,2014-11-19
225534321,2014-10-22
225535333,2014-11-19
225536345,2014-10-23
225536851,2014-11-11
225537357,2014-10-23
225538369,2014-11-20
225539381,2014-11-14
225539887,2014-10-30
225540393,2014-10-30
225540899,2014-11-23
225541911,2014-11-18
225542417,2014-11-14
225542923,2014-11-04
225543429,2014-12-05
225545453,2014-11-10
225546465,2014-10-10
225547477,2014-10-10
225548489,2014-11-17
225548995,2014-12-09
225549501,2014-10-28
225551019,2014-11-25
225551525,2014-10-13
225552537,2014-11-12
225553549,2014-10-23
225555067,2014-11-20
225556079,2014-11-26
225557091,2014-10-28
225557597,2014-10-23
225558103,2014-12-26
225559621,2014-10-27
225560127,2014-10-07
225561645,2014-10-23
225562151,2014-10-02
225562657,2014-10-29
225563163,2014-10-23
225563669,2014-12-08
225564175,2014-10-07
225564681,2014-12-04
225566199,2014-11-26
225568729,2014-11-18
225569235,2014-12-01
225569741,2014-12-10
225570753,2014-11-12
225571765,2014-10-22
225572777,2014-12-11
225573283,2014-11-12
225573789,2014-10-22
225574801,2014-10-10
225576319,2014-11-25
225576825,2014-10-10
225577837,2014-10-09
225578343,2014-10-28
225578849,2014-12-05
225580873,2014-12-03
225582391,2014-10-28
225585933,2014-11-05
225586439,2014-11-05
225586945,2014-12-03
225587451,2014-10-13
225587957,2014-10-23
225589981,2014-12-09
225592005,2014-12-11
225592511,2014-12-01
225595041,2014-11-12
225596559,2014-12-08
225597065,2014-10-28
225597571,2014-11-04
225598583,2014-11-26
225599089,2014-10-23
225600607,2014-10-27
225602125,2014-10-30
225602631,2014-11-17
225603137,2014-10-10
225603643,2014-11-24
225604149,2014-10-22
225605161,2014-11-05
225607185,2014-10-28
225608197,2014-11-18
225608703,2014-10-20
225610221,2014-11-04
225610727,2014-10-07
225612751,2014-12-02
225613763,2014-12-11
225614775,2014-11-04
225615281,2014-11-28
225615787,2014-10-24
225616799,2014-10-27
225617305,2014-11-14
225617811,2014-12-04
225618823,2014-10-06
225619329,2014-10-28
225620847,2014-11-21
225621859,2014-12-09
225622365,2014-11-08
225622871,2014-12-15
225623377,2014-10-02
225623883,2014-11-06
225624389,2014-10-22
225624895,2014-11-26
225625401,2014-12-12
225626413,2014-10-28
225626919,2014-12-03
225627931,2014-10-10
225628437,2014-10-29
225628943,2014-11-27
225629449,2014-11-25
225630461,2014-12-15
225631473,2014-11-24
225631979,2014-10-21
225632485,2014-10-20
225632991,2014-12-03
225634003,2014-12-02
225636533,2014-11-03
225637545,2014-12-03
225638051,2014-10-30
225638557,2014-12-05
225640075,2014-10-27
225640581,2014-10-10
225641593,2014-11-07
225642099,2014-10-30
225643111,2014-12-13
225644123,2014-11-04
225645135,2014-11-18
225646147,2014-10-29
225646653,2014-12-14
225647159,2014-10-22
225648171,2014-10-14
225648677,2014-11-27
225649183,2014-11-24
225650195,2014-10-14
225652219,2014-11-04
225652725,2014-10-23
225653231,2014-10-30
225653737,2014-10-10
225654243,2014-10-28
225655255,2014-10-27
225656267,2014-10-01
225656773,2014-11-03
225657279,2014-11-21
225657785,2014-12-09
225658291,2014-10-10
225658797,2014-12-17
225659303,2014-10-07
225660315,2014-11-12
225660821,2014-10-22
225661327,2014-10-26
225662339,2014-11-14
225663857,2014-10-23
225664363,2014-12-15
225664869,2014-12-15
225666893,2014-10-02
225667399,2014-10-28
225667905,2014-10-23
225668411,2014-10-23
225668917,2014-10-28
225669929,2014-10-23
225671447,2014-10-02
225671953,2014-10-02
225672459,2014-10-14
225672965,2014-10-28
225673471,2014-10-22
225673977,2014-11-04
225674483,2014-10-09
225675495,2014-10-23
225676001,2014-11-01
225676507,2014-10-30
225677013,2014-12-15
225677519,2014-11-19
225678025,2014-11-21
225678531,2014-10-23
225679543,2014-12-09
225681061,2014-10-14
225681567,2014-10-10
225682073,2014-10-07
225682579,2014-10-22
225683085,2014-11-12
225683591,2014-10-10
225684603,2014-10-10
225687133,2014-10-10
225687639,2014-10-02
225688145,2014-10-29
225688651,2014-10-28
225689157,2014-10-17
225689663,2014-10-22
225690169,2014-10-10
225691181,2014-10-23
225691687,2014-10-23
225692193,2014-10-24
225693205,2014-10-23
225694723,2014-10-28
225695735,2014-10-23
225697253,2014-10-28
225698771,2014-11-26
225699783,2014-10-28
225700795,2014-10-22
225702313,2014-10-23
225703325,2014-10-02
225704843,2014-12-12
225705349,2014-11-12
225706361,2014-12-18
225706867,2014-12-08
225707373,2014-10-28
225707879,2014-10-08
225708385,2014-12-15
225709397,2014-10-15
225709903,2014-10-10
225710915,2014-10-07
225711421,2014-12-16
225711927,2014-11-11
225712939,2014-11-28
225713445,2014-11-24
225713951,2014-11-18
225714457,2014-11-04
225715975,2014-12-16
225716481,2014-11-27
225716987,2014-10-10
225717999,2014-10-20
225719517,2014-10-02
225720023,2014-12-01
225720529,2014-10-23
225721541,2014-10-10
225722553,2014-10-09
225723565,2014-10-23
225725083,2014-10-27
225726601,2014-10-28
225727107,2014-11-27
225727613,2014-10-22
225728625,2014-11-19
225729637,2014-12-07
225731155,2014-12-08
225731661,2014-10-07
225732167,2014-12-20
225733179,2014-10-28
225733685,2014-12-18
225734191,2014-11-01
225734697,2014-10-30
225735203,2014-10-23
225735709,2014-10-28
225736215,2014-10-02
225737733,2014-10-14
225738239,2014-10-22
225739251,2014-12-22
225740263,2014-12-02
225740769,2014-10-28
225742287,2014-10-22
225743299,2014-12-23
225743805,2014-10-10
225744817,2014-11-04
225745323,2014-10-23
225745829,2014-10-23
225746335,2014-10-27
225747853,2014-10-09
225748865,2014-10-23
225750383,2014-10-28
225751901,2014-10-23
225752407,2014-10-28
225752913,2014-11-07
225753925,2014-10-27
225754431,2014-10-28
225755949,2014-12-10
225757467,2014-10-22
225758985,2014-10-23
225759491,2014-12-17
225760503,2014-10-15
225761009,2014-11-14
225761515,2014-12-17
225762527,2014-10-20
225765057,2014-10-23
225765563,2014-10-23
225767081,2014-10-09
225768599,2014-12-01
225769105,2014-10-10
225769611,2014-10-23
225770117,2014-10-22
225771635,2014-10-06
225772647,2014-10-22
225775683,2014-10-17
225776189,2014-10-28
225776695,2014-10-09
225777201,2014-10-22
225778213,2014-10-22
225779225,2014-10-07
225780237,2014-12-04
225781249,2014-11-26
225781755,2014-11-12
225782261,2014-10-10
225782767,2014-10-09
225783273,2014-10-10
225784285,2014-11-05
225786309,2014-12-11
225786815,2014-11-13
225787321,2014-10-10
225787827,2014-10-10
225788333,2014-10-10
225788839,2014-11-13
225789851,2014-10-10
225790863,2014-10-23
225792381,2014-10-10
225792887,2014-10-07
225793393,2014-10-10
225793899,2014-10-23
225794405,2014-10-10
225794911,2014-10-10
225795417,2014-10-24
225795923,2014-10-10
225796429,2014-10-10
225797441,2014-10-23
225798959,2014-10-23
225799465,2014-10-10
225799971,2014-12-09
225800477,2014-10-10
225801489,2014-12-08
225801995,2014-10-10
225802501,2014-10-23
225803007,2014-10-30
225804019,2014-10-10
225804525,2014-12-04
225805537,2014-12-16
225806043,2014-10-10
225806549,2014-10-29
225808067,2014-10-22
225808573,2014-10-07
225810091,2014-10-27
225812115,2014-12-10
225812621,2014-11-13
225813127,2014-10-10
225813633,2014-10-28
225814645,2014-10-10
225815151,2014-10-10
225816669,2014-11-21
225817175,2014-11-19
225817681,2014-12-09
225818187,2014-10-10
225818693,2014-11-18
225819199,2014-10-30
225820211,2014-10-29
225821223,2014-10-17
225821729,2014-11-20
225822235,2014-12-09
225822741,2014-10-28
225823247,2014-12-21
225823753,2014-12-11
225824259,2014-11-21
225824765,2014-11-04
225825777,2014-12-13
225826283,2014-12-03
225826789,2014-11-21
225827295,2014-10-22
225827801,2014-12-18
225828813,2014-12-10
225829319,2014-10-14
225830837,2014-11-26
225831343,2014-12-03
225832355,2014-12-19
225833873,2014-11-04
225834379,2014-11-26
225834885,2014-10-28
225835391,2014-10-22
225835897,2014-10-22
225836403,2014-10-20
225836909,2014-10-10
225837415,2014-12-04
225838427,2014-12-03
225839439,2014-11-21
225840451,2014-12-03
225840957,2014-12-08
225841463,2014-10-07
225841969,2014-10-10
225842475,2014-10-02
225842981,2014-11-14
225843993,2014-12-03
225845005,2014-10-07
225845511,2014-10-27
225846523,2014-10-28
225847029,2014-12-23
225847535,2014-10-20
225848547,2014-11-14
225849053,2014-12-01
225850065,2014-11-12
225850571,2014-10-22
225851077,2014-10-20
225851583,2014-11-13
225852089,2014-12-15
225852595,2014-11-21
225853101,2014-10-10
225853607,2014-10-06
225854113,2014-10-23
225854619,2014-12-08
225855631,2014-12-03
225856137,2014-10-22
225856643,2014-11-04
225857149,2014-10-30
225857655,2014-12-04
225858161,2014-12-13
225858667,2014-12-10
225859173,2014-10-14
225859679,2014-10-23
225860185,2014-11-04
225860691,2014-10-15
225861197,2014-12-09
225862209,2014-10-15
225863727,2014-10-06
225864233,2014-12-22
225865245,2014-12-11
225865751,2014-10-22
225866257,2014-10-22
225866763,2014-11-13
225867269,2014-10-28
225867775,2014-10-22
225868281,2014-10-30
225868787,2014-10-27
225869293,2014-10-06
225869799,2014-12-08
225870305,2014-12-04
225871823,2014-10-23
225873341,2014-10-10
225874353,2014-12-15
225875365,2014-10-17
225875871,2014-10-10
225876883,2014-10-06
225877389,2014-10-06
225879413,2014-10-06
225879919,2014-11-19
225880425,2014-10-22
225880931,2014-12-01
225881437,2014-10-14
225881943,2014-10-06
225882449,2014-10-22
225883461,2014-10-29
225883967,2014-11-14
225884473,2014-10-23
225884979,2014-10-28
225885991,2014-10-06
225886497,2014-11-04
225887003,2014-10-10
225887509,2014-10-20
225888015,2014-11-14
225888521,2014-10-23
225890039,2014-12-15
225890545,2014-10-10
225893075,2014-10-09
225894087,2014-10-23
225894593,2014-11-03
225895605,2014-10-23
225896111,2014-10-10
225896617,2014-11-12
225897123,2014-10-30
225897629,2014-11-04
225898135,2014-11-18
225898641,2014-12-04
225899147,2014-10-22
225899653,2014-12-16
225901171,2014-11-27
225902689,2014-10-28
225903701,2014-12-08
225904207,2014-10-28
225904713,2014-10-22
225905219,2014-10-30
225905725,2014-11-13
225906231,2014-10-30
225907243,2014-10-22
225907749,2014-11-01
225908255,2014-11-12
225908761,2014-11-12
225909267,2014-10-22
225909773,2014-10-27
225910279,2014-10-06
225910785,2014-12-20
225911291,2014-11-13
225911797,2014-11-21
225912809,2014-10-02
225914327,2014-11-21
225914833,2014-12-09
225915339,2014-11-12
225915845,2014-12-18
225916351,2014-11-19
225917363,2014-12-18
225918375,2014-12-02
225919387,2014-10-28
225919893,2014-12-04
225920905,2014-10-28
225921411,2014-12-11
225922423,2014-10-23
225922929,2014-12-26
225923435,2014-12-22
225923941,2014-10-28
225926471,2014-10-28
225927483,2014-10-22
225927989,2014-10-17
225928495,2014-10-06
225929001,2014-12-19
225929507,2014-10-10
225932037,2014-11-25
225932543,2014-10-07
225933049,2014-11-18
225934061,2014-12-11
225934567,2014-10-28
225935073,2014-11-12
225936085,2014-11-20
225936591,2014-10-09
225937603,2014-10-10
225938109,2014-12-11
225938615,2014-12-13
225939627,2014-11-24
225940133,2014-11-13
225940639,2014-10-28
225941145,2014-11-17
225942157,2014-11-13
225943169,2014-12-18
225943675,2014-11-25
225944181,2014-11-10
225944687,2014-10-27
225945193,2014-10-28
225945699,2014-10-10
225946205,2014-11-25
225947217,2014-11-14
225947723,2014-11-04
225949241,2014-10-06
225950253,2014-10-10
225950759,2014-12-02
225951771,2014-11-14
225952277,2014-10-22
225953289,2014-10-06
225953795,2014-10-14
225954301,2014-11-04
225955313,2014-10-24
225956325,2014-11-04
225956831,2014-10-14
225958349,2014-12-25
225958855,2014-10-10
225959361,2014-10-28
225960879,2014-10-20
225962397,2014-12-20
225963409,2014-10-30
225964421,2014-10-23
225964927,2014-10-10
225965433,2014-10-06
225965939,2014-11-03
225966445,2014-12-14
225967457,2014-11-21
225968469,2014-10-10
225968975,2014-10-09
225970493,2014-10-10
225972517,2014-10-10
225973023,2014-10-22
225973529,2014-10-09
225974541,2014-10-21
225975553,2014-11-04
225976059,2014-10-28
225976565,2014-11-12
225977071,2014-10-14
225979601,2014-10-22
225980107,2014-11-07
225981119,2014-10-31
225981625,2014-10-14
225982131,2014-12-08
225982637,2014-11-26
225983143,2014-10-06
225983649,2014-10-20
225985673,2014-10-10
225986179,2014-11-13
225986685,2014-10-23
225987191,2014-10-23
225987697,2014-11-13
225988203,2014-11-17
225988709,2014-10-09
225989721,2014-10-09
225990733,2014-10-10
225991239,2014-11-28
225991745,2014-10-07
225992251,2014-10-13
225992757,2014-12-16
225994275,2014-10-23
225994781,2014-10-10
225995287,2014-12-08
225995793,2014-11-03
225996805,2014-11-12
225998323,2014-10-10
226000347,2014-10-23
226000853,2014-10-13
226001865,2014-10-28
226003383,2014-11-10
226003889,2014-11-11
226004395,2014-10-23
226006925,2014-12-04
226007431,2014-10-02
226008949,2014-12-10
226010467,2014-12-23
226011985,2014-10-10
226012491,2014-10-22
226014009,2014-10-10
226014515,2014-11-24
226015527,2014-11-04
226016033,2014-11-14
226016539,2014-11-03
226017045,2014-10-09
226018057,2014-12-15
226019069,2014-10-10
226019575,2014-11-13
226020081,2014-10-23
226022105,2014-10-22
226024129,2014-10-10
226025141,2014-10-14
226026659,2014-10-10
226027165,2014-11-12
226027671,2014-10-20
226029189,2014-10-10
226029695,2014-10-10
226031213,2014-10-23
226032225,2014-11-19
226032731,2014-10-28
226033237,2014-10-06
226033743,2014-10-28
226034755,2014-12-12
226035261,2014-11-21
226035767,2014-11-04
226036779,2014-10-23
226037285,2014-10-10
226037791,2014-12-19
226038297,2014-11-01
226040321,2014-12-25
226040827,2014-10-07
226041839,2014-10-23
226042345,2014-10-10
226042851,2014-11-07
226043863,2014-10-10
226044369,2014-10-23
226044875,2014-10-22
226045381,2014-12-09
226045887,2014-11-21
226046899,2014-10-07
226047911,2014-10-10
226048417,2014-10-30
226048923,2014-12-15
226049429,2014-10-07
226050441,2014-10-10
226050947,2014-11-06
226051453,2014-12-08
226052971,2014-10-28
226053983,2014-12-27
226055501,2014-11-13
226056007,2014-10-17
226056513,2014-10-22
226057019,2014-12-02
226058537,2014-10-08
226059043,2014-12-02
226061067,2014-12-24
226061573,2014-10-22
226062079,2014-11-12
226062585,2014-10-17
226063597,2014-11-21
226064609,2014-10-30
226065621,2014-12-18
226066127,2014-10-28
226067139,2014-10-14
226067645,2014-11-19
226068151,2014-10-22
226068657,2014-11-12
226069163,2014-10-28
226069669,2014-11-14
226070681,2014-11-18
226071187,2014-10-23
226072199,2014-10-23
226072705,2014-10-15
226073211,2014-11-20
226075741,2014-10-10
226076247,2014-11-10
226077259,2014-11-18
226077765,2014-10-10
226078271,2014-11-21
226078777,2014-10-22
226079789,2014-11-21
226080295,2014-12-08
226082319,2014-11-18
226082825,2014-12-01
226083837,2014-10-17
226084849,2014-10-28
226085355,2014-11-12
226086367,2014-11-05
226086873,2014-11-04
226087379,2014-11-18
226087885,2014-10-23
226088897,2014-10-06
226090415,2014-12-03
226091427,2014-12-17
226091933,2014-10-10
226092439,2014-10-10
226093957,2014-10-28
226094463,2014-10-24
226094969,2014-10-17
226095981,2014-10-10
226096487,2014-10-23
226096993,2014-10-23
226097499,2014-11-13
226098005,2014-10-08
226099017,2014-10-17
226099523,2014-11-04
226100029,2014-10-02
226101041,2014-11-04
226103571,2014-11-12
226104077,2014-10-23
226104583,2014-10-23
226105089,2014-12-12
226105595,2014-10-23
226106607,2014-11-14
226107113,2014-10-06
226108631,2014-10-03
226109137,2014-10-06
226109643,2014-12-09
226110655,2014-11-04
226111161,2014-10-10
226111667,2014-11-26
226112173,2014-10-13
226112679,2014-10-22
226113185,2014-11-20
226113691,2014-12-09
226114197,2014-10-23
226115209,2014-10-27
226116221,2014-10-28
226117233,2014-10-20
226117739,2014-10-28
226118245,2014-11-21
226118751,2014-12-18
226119763,2014-11-04
226120269,2014-12-11
226120775,2014-11-21
226121787,2014-11-13
226122293,2014-10-06
226124823,2014-10-10
226125329,2014-11-04
226125835,2014-11-14
226126847,2014-12-01
226127353,2014-10-23
226129883,2014-10-23
226130389,2014-10-10
226130895,2014-12-15
226131401,2014-10-20
226131907,2014-12-28
226132413,2014-10-22
226132919,2014-12-20
226133425,2014-10-10
226133931,2014-10-23
226134943,2014-10-24
226135955,2014-10-07
226136461,2014-11-04
226136967,2014-10-22
226137473,2014-11-04
226137979,2014-11-21
226139497,2014-11-12
226140509,2014-12-09
226141521,2014-12-03
226142027,2014-12-29
226144557,2014-11-12
226145063,2014-11-06
226145569,2014-10-28
226147087,2014-11-10
226147593,2014-11-19
226150123,2014-11-03
226151135,2014-10-07
226151641,2014-12-03
226154171,2014-12-03
226154677,2014-12-31
226155183,2014-10-23
226155689,2014-12-24
226156195,2014-12-01
226156701,2014-10-10
226157207,2014-10-20
226157713,2014-12-23
226158219,2014-12-30
226158725,2014-10-01
226162267,2014-10-09
226162773,2014-10-23
226163279,2014-10-23
226163785,2014-12-22
226164797,2014-10-23
226165809,2014-11-07
226166821,2014-12-08
226167327,2014-10-10
226168339,2014-10-10
226169351,2014-10-22
226169857,2014-12-30
226170363,2014-10-17
226170869,2014-10-14
226171375,2014-10-28
226172387,2014-10-02
226172893,2014-10-22
226174917,2014-10-28
226175929,2014-11-14
226176435,2014-10-10
226177447,2014-10-27
226177953,2014-10-28
226178459,2014-10-22
226178965,2014-12-28
226179977,2014-11-21
226180483,2014-11-14
226180989,2014-10-22
226182001,2014-10-23
226184531,2014-11-21
226185037,2014-12-08
226186049,2014-11-12
226187061,2014-12-15
226188073,2014-11-17
226189085,2014-12-05
226190097,2014-10-10
226191615,2014-11-12
226193133,2014-10-22
226194145,2014-11-26
226194651,2014-10-28
226196675,2014-11-21
226197687,2014-10-10
226200723,2014-10-22
226202241,2014-10-07
226204265,2014-10-10
226204771,2014-11-01
226205277,2014-11-26
226205783,2014-12-03
226206289,2014-12-22
226207301,2014-10-22
226208313,2014-10-22
226210843,2014-10-10
226211349,2014-10-28
226211855,2014-12-08
226213373,2014-12-01
226213879,2014-10-27
226214891,2014-10-23
226215397,2014-10-23
226215903,2014-12-05
226216409,2014-11-21
226216915,2014-11-12
226220963,2014-12-01
226221975,2014-10-10
226222481,2014-12-01
226223493,2014-11-04
226223999,2014-10-22
226224505,2014-12-08
226225011,2014-10-28
226226023,2014-10-07
226226529,2014-10-22
226227035,2014-10-28
226228553,2014-10-22
226230071,2014-12-04
226231083,2014-10-09
226233613,2014-10-07
226234119,2014-10-22
226234625,2014-12-11
226235131,2014-12-01
226235637,2014-10-02
226237661,2014-10-10
226238167,2014-11-10
226238673,2014-11-01
226239685,2014-10-10
226240697,2014-10-09
226241203,2014-12-16
226242215,2014-11-12
226246769,2014-11-27
226247275,2014-12-09
226248793,2014-12-23
226249805,2014-10-27
226250311,2014-12-19
226250817,2014-10-23
226251829,2014-12-24
226252335,2014-11-12
226253347,2014-12-09
226255371,2014-12-30
226256889,2014-11-18
226258913,2014-10-10
226259419,2014-11-06
226261443,2014-10-28
226261949,2014-10-02
226262455,2014-10-23
226262961,2014-11-04
226263973,2014-10-29
226266503,2014-10-22
226268021,2014-10-20
226268527,2014-10-10
226270045,2014-11-21
226270551,2014-11-13
226271057,2014-10-07
226272069,2014-10-10
226272575,2014-10-28
226273081,2014-10-10
226273587,2014-10-21
226274093,2014-11-21
226274599,2014-11-04
226275105,2014-11-18
226275611,2014-11-18
226276117,2014-10-28
226277635,2014-11-04
226279659,2014-10-28
226281683,2014-10-30
226282189,2014-10-10
226282695,2014-10-10
226283201,2014-11-21
226284213,2014-11-18
226285225,2014-11-21
226285731,2014-12-15
226288261,2014-10-28
226289273,2014-10-23
226289779,2014-10-23
226290791,2014-10-28
226292309,2014-12-30
226292815,2014-10-23
226293827,2014-11-10
226294333,2014-12-31
226294839,2014-12-24
226295851,2014-12-08
226297875,2014-12-02
226299393,2014-12-11
226299899,2014-10-23
226301923,2014-12-05
226302429,2014-10-09
226303441,2014-10-13
226304959,2014-10-10
226305465,2014-10-23
226306477,2014-11-05
226306983,2014-11-14
226307489,2014-10-24
226309513,2014-12-29
226310019,2014-12-31
226310525,2014-10-10
226312043,2014-11-04
226312549,2014-11-13
226313055,2014-10-01
226313561,2014-11-10
226314573,2014-10-07
226315585,2014-10-17
226316091,2014-11-18
226316597,2014-12-19
226318621,2014-11-01
226319127,2014-12-01
226320139,2014-11-19
226320645,2014-10-10
226321657,2014-10-22
226322163,2014-12-05
226323681,2014-10-23
226325199,2014-10-23
226325705,2014-10-23
226326717,2014-10-23
226329753,2014-11-04
226330259,2014-10-17
226330765,2014-11-13
226333295,2014-10-02
226335319,2014-10-28
226335825,2014-10-29
226336331,2014-12-11
226337849,2014-11-06
226338355,2014-10-10
226338861,2014-11-03
226339873,2014-11-14
226340379,2014-10-28
226341391,2014-11-14
226342909,2014-10-10
226343415,2014-12-30
226343921,2014-10-23
226344427,2014-10-23
226354041,2014-11-18
226360619,2014-11-04
226362643,2014-12-02
226363149,2014-12-13
226364667,2014-10-27
226366691,2014-10-24
226370739,2014-11-14
226375293,2014-10-22
226376811,2014-10-23
226378329,2014-12-18
226379341,2014-10-10
226392497,2014-10-28
226396039,2014-12-17
226397557,2014-11-19
226398063,2014-11-08
226399581,2014-10-10
226400087,2014-11-05
226401099,2014-11-18
226402111,2014-12-30
226405147,2014-11-18
226436519,2014-10-22
226449169,2014-10-10
226451699,2014-12-19
226456253,2014-12-23
226456759,2014-10-23
226458277,2014-10-10
226459795,2014-11-06
226464855,2014-12-17
226465361,2014-10-28
226466879,2014-10-23
226472951,2014-12-29
226479023,2014-11-18
226484083,2014-10-09
226485095,2014-12-30
226487625,2014-10-27
226497239,2014-12-15
226503817,2014-12-30
226505335,2014-10-10
226506347,2014-12-29
226507865,2014-10-30
226509383,2014-10-10
226509889,2014-10-22
226513937,2014-12-15
226517479,2014-12-30
226518491,2014-12-29
226523045,2014-10-06
226525069,2014-11-18
226528105,2014-10-10
226531141,2014-10-28
226537719,2014-11-14
226538225,2014-10-10
226538731,2014-10-22
226539743,2014-12-16
226542779,2014-10-22
226548345,2014-11-21
226556441,2014-11-14
226557959,2014-12-15
226558971,2014-12-19
226560995,2014-12-30
226563525,2014-12-02
226566561,2014-10-30
226567573,2014-12-24
226569091,2014-12-03
226570609,2014-10-17
226571621,2014-12-18
226573645,2014-12-22
226574657,2014-12-17
226577187,2014-12-31
226577693,2014-12-08
226587307,2014-10-07
226588319,2014-10-10
226589837,2014-12-13
226596415,2014-12-03
226596921,2014-10-22
226597427,2014-10-22
226598439,2014-12-31
226600463,2014-10-09
226600969,2014-12-31
226601475,2014-10-17
226601981,2014-11-18
226605017,2014-12-15
226607041,2014-10-09
226609065,2014-10-10
226619185,2014-10-10
226634365,2014-10-07
226637401,2014-10-22
226639425,2014-10-28
226642967,2014-12-10
226643979,2014-11-12
226646003,2014-12-08
226650051,2014-10-10
226651569,2014-10-23
226656123,2014-10-23
226657641,2014-12-22
226664219,2014-12-31
226666749,2014-11-14
226670291,2014-10-22
226670797,2014-12-16
226673833,2014-11-12
226677375,2014-10-17
226678893,2014-12-02
226680411,2014-10-06
226682435,2014-10-10
226684459,2014-12-08
226686483,2014-11-04
226686989,2014-12-19
226688001,2014-10-10
226691037,2014-10-24
226692049,2014-10-06
226695085,2014-12-19
226695591,2014-11-05
226696603,2014-12-15
226699639,2014-10-22
226703181,2014-10-23
226705205,2014-12-28
226706217,2014-10-30
226711783,2014-10-29
226714819,2014-11-19
226716337,2014-11-01
226716843,2014-11-18
226717349,2014-10-29
226719373,2014-12-19
226720891,2014-10-28
226725951,2014-10-23
226728481,2014-12-02
226739107,2014-12-30
226740625,2014-12-03
226742143,2014-11-04
226746697,2014-12-19
226747203,2014-10-17
226752263,2014-12-17
226759853,2014-10-01
226762889,2014-11-18
226766937,2014-11-13
226768961,2014-10-02
226770479,2014-11-05
226779081,2014-11-04
226782623,2014-11-14
226784141,2014-12-08
226791225,2014-10-28
226795779,2014-12-03
226808429,2014-11-11
226809947,2014-10-07
226816019,2014-10-28
226822091,2014-11-18
226824621,2014-11-21
226825127,2014-10-10
226826139,2014-11-21
226830693,2014-11-19
226835247,2014-10-17
226840813,2014-10-10
226852957,2014-12-08
226855487,2014-12-19
226862571,2014-12-01
226867125,2014-10-10
226873197,2014-11-21
